"CodeStateId","Node1Id","Node2Id","EdgeData"
"90173bc542cf7ce1e5ed8f2bdf2af687df6cbfdc652bcb0ec54b81609c2ec303","0","2",""
"90173bc542cf7ce1e5ed8f2bdf2af687df6cbfdc652bcb0ec54b81609c2ec303","2","3",""
"90173bc542cf7ce1e5ed8f2bdf2af687df6cbfdc652bcb0ec54b81609c2ec303","3","4","false"
"90173bc542cf7ce1e5ed8f2bdf2af687df6cbfdc652bcb0ec54b81609c2ec303","4","5","false"
"90173bc542cf7ce1e5ed8f2bdf2af687df6cbfdc652bcb0ec54b81609c2ec303","6","1",""
"90173bc542cf7ce1e5ed8f2bdf2af687df6cbfdc652bcb0ec54b81609c2ec303","5","6","false"
"90173bc542cf7ce1e5ed8f2bdf2af687df6cbfdc652bcb0ec54b81609c2ec303","7","1",""
"90173bc542cf7ce1e5ed8f2bdf2af687df6cbfdc652bcb0ec54b81609c2ec303","5","7","true"
"90173bc542cf7ce1e5ed8f2bdf2af687df6cbfdc652bcb0ec54b81609c2ec303","8","1",""
"90173bc542cf7ce1e5ed8f2bdf2af687df6cbfdc652bcb0ec54b81609c2ec303","4","8","true"
"90173bc542cf7ce1e5ed8f2bdf2af687df6cbfdc652bcb0ec54b81609c2ec303","3","9","true"
"90173bc542cf7ce1e5ed8f2bdf2af687df6cbfdc652bcb0ec54b81609c2ec303","9","10","false"
"90173bc542cf7ce1e5ed8f2bdf2af687df6cbfdc652bcb0ec54b81609c2ec303","11","1",""
"90173bc542cf7ce1e5ed8f2bdf2af687df6cbfdc652bcb0ec54b81609c2ec303","10","11","false"
"90173bc542cf7ce1e5ed8f2bdf2af687df6cbfdc652bcb0ec54b81609c2ec303","12","1",""
"90173bc542cf7ce1e5ed8f2bdf2af687df6cbfdc652bcb0ec54b81609c2ec303","10","12","true"
"90173bc542cf7ce1e5ed8f2bdf2af687df6cbfdc652bcb0ec54b81609c2ec303","13","1",""
"90173bc542cf7ce1e5ed8f2bdf2af687df6cbfdc652bcb0ec54b81609c2ec303","9","13","true"
"06773effafec7aed546581310307e32d59115f64fc726c1de64561d70055a53d","0","2",""
"06773effafec7aed546581310307e32d59115f64fc726c1de64561d70055a53d","2","3",""
"06773effafec7aed546581310307e32d59115f64fc726c1de64561d70055a53d","3","4","false"
"06773effafec7aed546581310307e32d59115f64fc726c1de64561d70055a53d","5","1",""
"06773effafec7aed546581310307e32d59115f64fc726c1de64561d70055a53d","4","5","false"
"06773effafec7aed546581310307e32d59115f64fc726c1de64561d70055a53d","6","1",""
"06773effafec7aed546581310307e32d59115f64fc726c1de64561d70055a53d","4","6","true"
"06773effafec7aed546581310307e32d59115f64fc726c1de64561d70055a53d","7","1",""
"06773effafec7aed546581310307e32d59115f64fc726c1de64561d70055a53d","3","7","true"
"9427d1524d2991cc32a67b290bb6fd3f1716388ef8d6a2370970028cea37862d","0","2",""
"9427d1524d2991cc32a67b290bb6fd3f1716388ef8d6a2370970028cea37862d","2","3",""
"9427d1524d2991cc32a67b290bb6fd3f1716388ef8d6a2370970028cea37862d","3","4","false"
"9427d1524d2991cc32a67b290bb6fd3f1716388ef8d6a2370970028cea37862d","5","1",""
"9427d1524d2991cc32a67b290bb6fd3f1716388ef8d6a2370970028cea37862d","4","5","false"
"9427d1524d2991cc32a67b290bb6fd3f1716388ef8d6a2370970028cea37862d","6","1",""
"9427d1524d2991cc32a67b290bb6fd3f1716388ef8d6a2370970028cea37862d","4","6","true"
"9427d1524d2991cc32a67b290bb6fd3f1716388ef8d6a2370970028cea37862d","3","7","true"
"9427d1524d2991cc32a67b290bb6fd3f1716388ef8d6a2370970028cea37862d","8","1",""
"9427d1524d2991cc32a67b290bb6fd3f1716388ef8d6a2370970028cea37862d","7","8","false"
"9427d1524d2991cc32a67b290bb6fd3f1716388ef8d6a2370970028cea37862d","9","1",""
"9427d1524d2991cc32a67b290bb6fd3f1716388ef8d6a2370970028cea37862d","7","9","true"
"790edada76a9f7e6a53070670791228af51f525bee91a2189e39f6c293281d19","0","2",""
"790edada76a9f7e6a53070670791228af51f525bee91a2189e39f6c293281d19","2","3",""
"790edada76a9f7e6a53070670791228af51f525bee91a2189e39f6c293281d19","3","4","false"
"790edada76a9f7e6a53070670791228af51f525bee91a2189e39f6c293281d19","4","5","false"
"790edada76a9f7e6a53070670791228af51f525bee91a2189e39f6c293281d19","6","1",""
"790edada76a9f7e6a53070670791228af51f525bee91a2189e39f6c293281d19","5","6","false"
"790edada76a9f7e6a53070670791228af51f525bee91a2189e39f6c293281d19","7","1",""
"790edada76a9f7e6a53070670791228af51f525bee91a2189e39f6c293281d19","5","7","true"
"790edada76a9f7e6a53070670791228af51f525bee91a2189e39f6c293281d19","8","1",""
"790edada76a9f7e6a53070670791228af51f525bee91a2189e39f6c293281d19","4","8","true"
"790edada76a9f7e6a53070670791228af51f525bee91a2189e39f6c293281d19","3","9","true"
"790edada76a9f7e6a53070670791228af51f525bee91a2189e39f6c293281d19","10","1",""
"790edada76a9f7e6a53070670791228af51f525bee91a2189e39f6c293281d19","9","10","false"
"790edada76a9f7e6a53070670791228af51f525bee91a2189e39f6c293281d19","11","1",""
"790edada76a9f7e6a53070670791228af51f525bee91a2189e39f6c293281d19","9","11","true"
"636d0bd8161d7935d40de340c9f3d9a8bc0ca068c991a3b5b73e907132c765c4","0","2",""
"636d0bd8161d7935d40de340c9f3d9a8bc0ca068c991a3b5b73e907132c765c4","2","3",""
"636d0bd8161d7935d40de340c9f3d9a8bc0ca068c991a3b5b73e907132c765c4","3","4","false"
"636d0bd8161d7935d40de340c9f3d9a8bc0ca068c991a3b5b73e907132c765c4","4","5","false"
"636d0bd8161d7935d40de340c9f3d9a8bc0ca068c991a3b5b73e907132c765c4","6","1",""
"636d0bd8161d7935d40de340c9f3d9a8bc0ca068c991a3b5b73e907132c765c4","5","6","false"
"636d0bd8161d7935d40de340c9f3d9a8bc0ca068c991a3b5b73e907132c765c4","7","1",""
"636d0bd8161d7935d40de340c9f3d9a8bc0ca068c991a3b5b73e907132c765c4","5","7","true"
"636d0bd8161d7935d40de340c9f3d9a8bc0ca068c991a3b5b73e907132c765c4","8","1",""
"636d0bd8161d7935d40de340c9f3d9a8bc0ca068c991a3b5b73e907132c765c4","4","8","true"
"636d0bd8161d7935d40de340c9f3d9a8bc0ca068c991a3b5b73e907132c765c4","3","9","true"
"636d0bd8161d7935d40de340c9f3d9a8bc0ca068c991a3b5b73e907132c765c4","9","10","false"
"636d0bd8161d7935d40de340c9f3d9a8bc0ca068c991a3b5b73e907132c765c4","11","1",""
"636d0bd8161d7935d40de340c9f3d9a8bc0ca068c991a3b5b73e907132c765c4","10","11","false"
"636d0bd8161d7935d40de340c9f3d9a8bc0ca068c991a3b5b73e907132c765c4","12","1",""
"636d0bd8161d7935d40de340c9f3d9a8bc0ca068c991a3b5b73e907132c765c4","10","12","true"
"636d0bd8161d7935d40de340c9f3d9a8bc0ca068c991a3b5b73e907132c765c4","13","1",""
"636d0bd8161d7935d40de340c9f3d9a8bc0ca068c991a3b5b73e907132c765c4","9","13","true"
"231c27c987042a6fae8bb474c8639faeba6f21e1205f7e6befaaa6c8d4cec5fe","0","2",""
"231c27c987042a6fae8bb474c8639faeba6f21e1205f7e6befaaa6c8d4cec5fe","2","3",""
"231c27c987042a6fae8bb474c8639faeba6f21e1205f7e6befaaa6c8d4cec5fe","3","4","false"
"231c27c987042a6fae8bb474c8639faeba6f21e1205f7e6befaaa6c8d4cec5fe","5","1",""
"231c27c987042a6fae8bb474c8639faeba6f21e1205f7e6befaaa6c8d4cec5fe","4","5","false"
"231c27c987042a6fae8bb474c8639faeba6f21e1205f7e6befaaa6c8d4cec5fe","6","1",""
"231c27c987042a6fae8bb474c8639faeba6f21e1205f7e6befaaa6c8d4cec5fe","4","6","true"
"231c27c987042a6fae8bb474c8639faeba6f21e1205f7e6befaaa6c8d4cec5fe","7","1",""
"231c27c987042a6fae8bb474c8639faeba6f21e1205f7e6befaaa6c8d4cec5fe","3","7","true"
"011b73863066c68313b54d44b17e96d3fd1b768f0bef4df2deb6af8959a39fb9","0","2",""
"011b73863066c68313b54d44b17e96d3fd1b768f0bef4df2deb6af8959a39fb9","2","3",""
"011b73863066c68313b54d44b17e96d3fd1b768f0bef4df2deb6af8959a39fb9","3","4","false"
"011b73863066c68313b54d44b17e96d3fd1b768f0bef4df2deb6af8959a39fb9","5","1",""
"011b73863066c68313b54d44b17e96d3fd1b768f0bef4df2deb6af8959a39fb9","4","5","false"
"011b73863066c68313b54d44b17e96d3fd1b768f0bef4df2deb6af8959a39fb9","6","1",""
"011b73863066c68313b54d44b17e96d3fd1b768f0bef4df2deb6af8959a39fb9","4","6","true"
"011b73863066c68313b54d44b17e96d3fd1b768f0bef4df2deb6af8959a39fb9","7","1",""
"011b73863066c68313b54d44b17e96d3fd1b768f0bef4df2deb6af8959a39fb9","3","7","true"
"74f6a0b5c91491b10a25649ef8e4d380686bb74742146715fd663cacc5449fcc","0","2",""
"74f6a0b5c91491b10a25649ef8e4d380686bb74742146715fd663cacc5449fcc","2","3",""
"74f6a0b5c91491b10a25649ef8e4d380686bb74742146715fd663cacc5449fcc","3","4","false"
"74f6a0b5c91491b10a25649ef8e4d380686bb74742146715fd663cacc5449fcc","4","5","true"
"74f6a0b5c91491b10a25649ef8e4d380686bb74742146715fd663cacc5449fcc","3","6","true"
"74f6a0b5c91491b10a25649ef8e4d380686bb74742146715fd663cacc5449fcc","4","7","false"
"74f6a0b5c91491b10a25649ef8e4d380686bb74742146715fd663cacc5449fcc","5","7",""
"74f6a0b5c91491b10a25649ef8e4d380686bb74742146715fd663cacc5449fcc","6","7",""
"74f6a0b5c91491b10a25649ef8e4d380686bb74742146715fd663cacc5449fcc","8","1",""
"74f6a0b5c91491b10a25649ef8e4d380686bb74742146715fd663cacc5449fcc","7","8","false"
"74f6a0b5c91491b10a25649ef8e4d380686bb74742146715fd663cacc5449fcc","9","1",""
"74f6a0b5c91491b10a25649ef8e4d380686bb74742146715fd663cacc5449fcc","7","9","true"
"0bc634e30f3fd526c9888495779abae7389b53ab00ace73f804ab435df8e4801","0","2",""
"0bc634e30f3fd526c9888495779abae7389b53ab00ace73f804ab435df8e4801","3","1",""
"0bc634e30f3fd526c9888495779abae7389b53ab00ace73f804ab435df8e4801","2","4",""
"0bc634e30f3fd526c9888495779abae7389b53ab00ace73f804ab435df8e4801","4","5","true"
"0bc634e30f3fd526c9888495779abae7389b53ab00ace73f804ab435df8e4801","5","6","false"
"0bc634e30f3fd526c9888495779abae7389b53ab00ace73f804ab435df8e4801","5","7","true"
"0bc634e30f3fd526c9888495779abae7389b53ab00ace73f804ab435df8e4801","4","8","false"
"0bc634e30f3fd526c9888495779abae7389b53ab00ace73f804ab435df8e4801","6","8",""
"0bc634e30f3fd526c9888495779abae7389b53ab00ace73f804ab435df8e4801","7","8",""
"0bc634e30f3fd526c9888495779abae7389b53ab00ace73f804ab435df8e4801","8","9","true"
"0bc634e30f3fd526c9888495779abae7389b53ab00ace73f804ab435df8e4801","9","10","false"
"0bc634e30f3fd526c9888495779abae7389b53ab00ace73f804ab435df8e4801","9","11","true"
"0bc634e30f3fd526c9888495779abae7389b53ab00ace73f804ab435df8e4801","12","3","false"
"0bc634e30f3fd526c9888495779abae7389b53ab00ace73f804ab435df8e4801","8","12","false"
"0bc634e30f3fd526c9888495779abae7389b53ab00ace73f804ab435df8e4801","10","12",""
"0bc634e30f3fd526c9888495779abae7389b53ab00ace73f804ab435df8e4801","11","12",""
"0bc634e30f3fd526c9888495779abae7389b53ab00ace73f804ab435df8e4801","12","13","true"
"0bc634e30f3fd526c9888495779abae7389b53ab00ace73f804ab435df8e4801","14","3",""
"0bc634e30f3fd526c9888495779abae7389b53ab00ace73f804ab435df8e4801","13","14","false"
"0bc634e30f3fd526c9888495779abae7389b53ab00ace73f804ab435df8e4801","15","3",""
"0bc634e30f3fd526c9888495779abae7389b53ab00ace73f804ab435df8e4801","13","15","true"
"b3e6cf17599678e48f612a7b1272ffccf670dd77e3e5965017194f841999609b","0","2",""
"b3e6cf17599678e48f612a7b1272ffccf670dd77e3e5965017194f841999609b","3","1",""
"b3e6cf17599678e48f612a7b1272ffccf670dd77e3e5965017194f841999609b","4","3","false"
"b3e6cf17599678e48f612a7b1272ffccf670dd77e3e5965017194f841999609b","2","4",""
"b3e6cf17599678e48f612a7b1272ffccf670dd77e3e5965017194f841999609b","5","3",""
"b3e6cf17599678e48f612a7b1272ffccf670dd77e3e5965017194f841999609b","4","5","true"
"7d3d3d99573d8db7add7edaa31b0c2069226196827aaae1260e8aa8e747ed69e","0","2",""
"7d3d3d99573d8db7add7edaa31b0c2069226196827aaae1260e8aa8e747ed69e","2","3",""
"7d3d3d99573d8db7add7edaa31b0c2069226196827aaae1260e8aa8e747ed69e","3","4","false"
"7d3d3d99573d8db7add7edaa31b0c2069226196827aaae1260e8aa8e747ed69e","5","1",""
"7d3d3d99573d8db7add7edaa31b0c2069226196827aaae1260e8aa8e747ed69e","4","5","false"
"7d3d3d99573d8db7add7edaa31b0c2069226196827aaae1260e8aa8e747ed69e","6","1",""
"7d3d3d99573d8db7add7edaa31b0c2069226196827aaae1260e8aa8e747ed69e","4","6","true"
"7d3d3d99573d8db7add7edaa31b0c2069226196827aaae1260e8aa8e747ed69e","7","1",""
"7d3d3d99573d8db7add7edaa31b0c2069226196827aaae1260e8aa8e747ed69e","3","7","true"
"f4a949394b8fff8a0d4d1497be84345c395e24c1fcbd7a394ddf10f4d9385985","0","2",""
"f4a949394b8fff8a0d4d1497be84345c395e24c1fcbd7a394ddf10f4d9385985","2","3",""
"f4a949394b8fff8a0d4d1497be84345c395e24c1fcbd7a394ddf10f4d9385985","3","4","false"
"f4a949394b8fff8a0d4d1497be84345c395e24c1fcbd7a394ddf10f4d9385985","5","1",""
"f4a949394b8fff8a0d4d1497be84345c395e24c1fcbd7a394ddf10f4d9385985","4","5","false"
"f4a949394b8fff8a0d4d1497be84345c395e24c1fcbd7a394ddf10f4d9385985","6","1",""
"f4a949394b8fff8a0d4d1497be84345c395e24c1fcbd7a394ddf10f4d9385985","4","6","true"
"f4a949394b8fff8a0d4d1497be84345c395e24c1fcbd7a394ddf10f4d9385985","7","1",""
"f4a949394b8fff8a0d4d1497be84345c395e24c1fcbd7a394ddf10f4d9385985","3","7","true"
"a4d7597a587156f3313d18ad06f2a6327e4a49a95c7250d20149ce6186d30792","0","2",""
"a4d7597a587156f3313d18ad06f2a6327e4a49a95c7250d20149ce6186d30792","2","3",""
"a4d7597a587156f3313d18ad06f2a6327e4a49a95c7250d20149ce6186d30792","3","4","false"
"a4d7597a587156f3313d18ad06f2a6327e4a49a95c7250d20149ce6186d30792","5","1",""
"a4d7597a587156f3313d18ad06f2a6327e4a49a95c7250d20149ce6186d30792","4","5","false"
"a4d7597a587156f3313d18ad06f2a6327e4a49a95c7250d20149ce6186d30792","6","1",""
"a4d7597a587156f3313d18ad06f2a6327e4a49a95c7250d20149ce6186d30792","4","6","true"
"a4d7597a587156f3313d18ad06f2a6327e4a49a95c7250d20149ce6186d30792","7","1",""
"a4d7597a587156f3313d18ad06f2a6327e4a49a95c7250d20149ce6186d30792","3","7","true"
"a22c58f58f8fb68d840d3fe88d8993ce864cf8d84bb2efa5a5d7c3705a0789af","0","2",""
"a22c58f58f8fb68d840d3fe88d8993ce864cf8d84bb2efa5a5d7c3705a0789af","2","3",""
"a22c58f58f8fb68d840d3fe88d8993ce864cf8d84bb2efa5a5d7c3705a0789af","3","4","false"
"a22c58f58f8fb68d840d3fe88d8993ce864cf8d84bb2efa5a5d7c3705a0789af","5","1",""
"a22c58f58f8fb68d840d3fe88d8993ce864cf8d84bb2efa5a5d7c3705a0789af","4","5","false"
"a22c58f58f8fb68d840d3fe88d8993ce864cf8d84bb2efa5a5d7c3705a0789af","6","1",""
"a22c58f58f8fb68d840d3fe88d8993ce864cf8d84bb2efa5a5d7c3705a0789af","4","6","true"
"a22c58f58f8fb68d840d3fe88d8993ce864cf8d84bb2efa5a5d7c3705a0789af","7","1",""
"a22c58f58f8fb68d840d3fe88d8993ce864cf8d84bb2efa5a5d7c3705a0789af","3","7","true"
"1bfa0d45313d731abe6f46ae2e33c5cb1f9c6217dc7b777cddb5141beee7e382","0","2",""
"1bfa0d45313d731abe6f46ae2e33c5cb1f9c6217dc7b777cddb5141beee7e382","2","3",""
"1bfa0d45313d731abe6f46ae2e33c5cb1f9c6217dc7b777cddb5141beee7e382","3","4","false"
"1bfa0d45313d731abe6f46ae2e33c5cb1f9c6217dc7b777cddb5141beee7e382","5","1",""
"1bfa0d45313d731abe6f46ae2e33c5cb1f9c6217dc7b777cddb5141beee7e382","4","5","false"
"1bfa0d45313d731abe6f46ae2e33c5cb1f9c6217dc7b777cddb5141beee7e382","4","6","true"
"1bfa0d45313d731abe6f46ae2e33c5cb1f9c6217dc7b777cddb5141beee7e382","7","1",""
"1bfa0d45313d731abe6f46ae2e33c5cb1f9c6217dc7b777cddb5141beee7e382","6","7","false"
"1bfa0d45313d731abe6f46ae2e33c5cb1f9c6217dc7b777cddb5141beee7e382","8","1",""
"1bfa0d45313d731abe6f46ae2e33c5cb1f9c6217dc7b777cddb5141beee7e382","6","8","true"
"1bfa0d45313d731abe6f46ae2e33c5cb1f9c6217dc7b777cddb5141beee7e382","9","1",""
"1bfa0d45313d731abe6f46ae2e33c5cb1f9c6217dc7b777cddb5141beee7e382","3","9","true"
"7cd80cafd389af57037719a1da90ce2af20dd3953c1690444122bc15af8ac40c","0","2",""
"7cd80cafd389af57037719a1da90ce2af20dd3953c1690444122bc15af8ac40c","2","3",""
"7cd80cafd389af57037719a1da90ce2af20dd3953c1690444122bc15af8ac40c","3","4","false"
"7cd80cafd389af57037719a1da90ce2af20dd3953c1690444122bc15af8ac40c","5","1",""
"7cd80cafd389af57037719a1da90ce2af20dd3953c1690444122bc15af8ac40c","4","5","false"
"7cd80cafd389af57037719a1da90ce2af20dd3953c1690444122bc15af8ac40c","6","1",""
"7cd80cafd389af57037719a1da90ce2af20dd3953c1690444122bc15af8ac40c","4","6","true"
"7cd80cafd389af57037719a1da90ce2af20dd3953c1690444122bc15af8ac40c","7","1",""
"7cd80cafd389af57037719a1da90ce2af20dd3953c1690444122bc15af8ac40c","3","7","true"
"81f85c40aef2454c95ac52b6187ec4cd5fb7d23418dcdda3e2af6849d6bcb222","0","2",""
"81f85c40aef2454c95ac52b6187ec4cd5fb7d23418dcdda3e2af6849d6bcb222","2","3",""
"81f85c40aef2454c95ac52b6187ec4cd5fb7d23418dcdda3e2af6849d6bcb222","4","1",""
"81f85c40aef2454c95ac52b6187ec4cd5fb7d23418dcdda3e2af6849d6bcb222","3","4","false"
"81f85c40aef2454c95ac52b6187ec4cd5fb7d23418dcdda3e2af6849d6bcb222","5","1",""
"81f85c40aef2454c95ac52b6187ec4cd5fb7d23418dcdda3e2af6849d6bcb222","3","5","true"
"2cb0e9d377c0d70a9a17be78c80b98b213045fa09e3d0d1ad8037383b83be9e8","0","2",""
"2cb0e9d377c0d70a9a17be78c80b98b213045fa09e3d0d1ad8037383b83be9e8","2","3",""
"2cb0e9d377c0d70a9a17be78c80b98b213045fa09e3d0d1ad8037383b83be9e8","3","4","false"
"2cb0e9d377c0d70a9a17be78c80b98b213045fa09e3d0d1ad8037383b83be9e8","5","1",""
"2cb0e9d377c0d70a9a17be78c80b98b213045fa09e3d0d1ad8037383b83be9e8","4","5","false"
"2cb0e9d377c0d70a9a17be78c80b98b213045fa09e3d0d1ad8037383b83be9e8","6","1",""
"2cb0e9d377c0d70a9a17be78c80b98b213045fa09e3d0d1ad8037383b83be9e8","4","6","true"
"2cb0e9d377c0d70a9a17be78c80b98b213045fa09e3d0d1ad8037383b83be9e8","7","1",""
"2cb0e9d377c0d70a9a17be78c80b98b213045fa09e3d0d1ad8037383b83be9e8","3","7","true"
"7022cc8fc1b0ffe499ad2b37a2810c52c1526f00425217a7739811cf38aafc03","0","2",""
"7022cc8fc1b0ffe499ad2b37a2810c52c1526f00425217a7739811cf38aafc03","2","3",""
"7022cc8fc1b0ffe499ad2b37a2810c52c1526f00425217a7739811cf38aafc03","3","4","false"
"7022cc8fc1b0ffe499ad2b37a2810c52c1526f00425217a7739811cf38aafc03","5","1",""
"7022cc8fc1b0ffe499ad2b37a2810c52c1526f00425217a7739811cf38aafc03","4","5","false"
"7022cc8fc1b0ffe499ad2b37a2810c52c1526f00425217a7739811cf38aafc03","6","1",""
"7022cc8fc1b0ffe499ad2b37a2810c52c1526f00425217a7739811cf38aafc03","4","6","true"
"7022cc8fc1b0ffe499ad2b37a2810c52c1526f00425217a7739811cf38aafc03","7","1",""
"7022cc8fc1b0ffe499ad2b37a2810c52c1526f00425217a7739811cf38aafc03","3","7","true"
"92c2c9b66317815cd1a4e2cf8727a7b0621793c54e10a1115b69b557bb4455cc","0","2",""
"92c2c9b66317815cd1a4e2cf8727a7b0621793c54e10a1115b69b557bb4455cc","2","3",""
"92c2c9b66317815cd1a4e2cf8727a7b0621793c54e10a1115b69b557bb4455cc","3","4","false"
"92c2c9b66317815cd1a4e2cf8727a7b0621793c54e10a1115b69b557bb4455cc","5","1",""
"92c2c9b66317815cd1a4e2cf8727a7b0621793c54e10a1115b69b557bb4455cc","4","5","false"
"92c2c9b66317815cd1a4e2cf8727a7b0621793c54e10a1115b69b557bb4455cc","6","1",""
"92c2c9b66317815cd1a4e2cf8727a7b0621793c54e10a1115b69b557bb4455cc","4","6","true"
"92c2c9b66317815cd1a4e2cf8727a7b0621793c54e10a1115b69b557bb4455cc","7","1",""
"92c2c9b66317815cd1a4e2cf8727a7b0621793c54e10a1115b69b557bb4455cc","3","7","true"
"bd604df1233b2c8d46fd40c98fa5e769c11cb4fbd23298e0ae790f1c68ed0967","0","2",""
"bd604df1233b2c8d46fd40c98fa5e769c11cb4fbd23298e0ae790f1c68ed0967","2","3",""
"bd604df1233b2c8d46fd40c98fa5e769c11cb4fbd23298e0ae790f1c68ed0967","3","4","false"
"bd604df1233b2c8d46fd40c98fa5e769c11cb4fbd23298e0ae790f1c68ed0967","5","1",""
"bd604df1233b2c8d46fd40c98fa5e769c11cb4fbd23298e0ae790f1c68ed0967","4","5","false"
"bd604df1233b2c8d46fd40c98fa5e769c11cb4fbd23298e0ae790f1c68ed0967","6","1",""
"bd604df1233b2c8d46fd40c98fa5e769c11cb4fbd23298e0ae790f1c68ed0967","4","6","true"
"bd604df1233b2c8d46fd40c98fa5e769c11cb4fbd23298e0ae790f1c68ed0967","7","1",""
"bd604df1233b2c8d46fd40c98fa5e769c11cb4fbd23298e0ae790f1c68ed0967","3","7","true"
"a1e5d754fcc629af4f893bbac66b6ef3a5e377524281e8594f8a169224eabaed","0","2",""
"a1e5d754fcc629af4f893bbac66b6ef3a5e377524281e8594f8a169224eabaed","2","3",""
"a1e5d754fcc629af4f893bbac66b6ef3a5e377524281e8594f8a169224eabaed","3","4","false"
"a1e5d754fcc629af4f893bbac66b6ef3a5e377524281e8594f8a169224eabaed","5","1",""
"a1e5d754fcc629af4f893bbac66b6ef3a5e377524281e8594f8a169224eabaed","4","5","false"
"a1e5d754fcc629af4f893bbac66b6ef3a5e377524281e8594f8a169224eabaed","6","1",""
"a1e5d754fcc629af4f893bbac66b6ef3a5e377524281e8594f8a169224eabaed","4","6","true"
"a1e5d754fcc629af4f893bbac66b6ef3a5e377524281e8594f8a169224eabaed","7","1",""
"a1e5d754fcc629af4f893bbac66b6ef3a5e377524281e8594f8a169224eabaed","3","7","true"
"64754120f1058105e4e1ade363e971e3d6902cce4a1cc78d67f2bd76c4a70555","0","2",""
"64754120f1058105e4e1ade363e971e3d6902cce4a1cc78d67f2bd76c4a70555","2","3",""
"64754120f1058105e4e1ade363e971e3d6902cce4a1cc78d67f2bd76c4a70555","3","4","false"
"64754120f1058105e4e1ade363e971e3d6902cce4a1cc78d67f2bd76c4a70555","4","5","false"
"64754120f1058105e4e1ade363e971e3d6902cce4a1cc78d67f2bd76c4a70555","6","1",""
"64754120f1058105e4e1ade363e971e3d6902cce4a1cc78d67f2bd76c4a70555","5","6","false"
"64754120f1058105e4e1ade363e971e3d6902cce4a1cc78d67f2bd76c4a70555","7","1",""
"64754120f1058105e4e1ade363e971e3d6902cce4a1cc78d67f2bd76c4a70555","5","7","true"
"64754120f1058105e4e1ade363e971e3d6902cce4a1cc78d67f2bd76c4a70555","8","1",""
"64754120f1058105e4e1ade363e971e3d6902cce4a1cc78d67f2bd76c4a70555","4","8","true"
"64754120f1058105e4e1ade363e971e3d6902cce4a1cc78d67f2bd76c4a70555","3","9","true"
"64754120f1058105e4e1ade363e971e3d6902cce4a1cc78d67f2bd76c4a70555","9","10","false"
"64754120f1058105e4e1ade363e971e3d6902cce4a1cc78d67f2bd76c4a70555","11","1",""
"64754120f1058105e4e1ade363e971e3d6902cce4a1cc78d67f2bd76c4a70555","10","11","false"
"64754120f1058105e4e1ade363e971e3d6902cce4a1cc78d67f2bd76c4a70555","12","1",""
"64754120f1058105e4e1ade363e971e3d6902cce4a1cc78d67f2bd76c4a70555","10","12","true"
"64754120f1058105e4e1ade363e971e3d6902cce4a1cc78d67f2bd76c4a70555","13","1",""
"64754120f1058105e4e1ade363e971e3d6902cce4a1cc78d67f2bd76c4a70555","9","13","true"
"ffb6b64401cc7f55e41806157ca20d30f6b2e01628be2c2a8bc67ee0693a27e2","0","2",""
"ffb6b64401cc7f55e41806157ca20d30f6b2e01628be2c2a8bc67ee0693a27e2","2","3",""
"ffb6b64401cc7f55e41806157ca20d30f6b2e01628be2c2a8bc67ee0693a27e2","3","4","false"
"ffb6b64401cc7f55e41806157ca20d30f6b2e01628be2c2a8bc67ee0693a27e2","5","1",""
"ffb6b64401cc7f55e41806157ca20d30f6b2e01628be2c2a8bc67ee0693a27e2","4","5","false"
"ffb6b64401cc7f55e41806157ca20d30f6b2e01628be2c2a8bc67ee0693a27e2","6","1",""
"ffb6b64401cc7f55e41806157ca20d30f6b2e01628be2c2a8bc67ee0693a27e2","4","6","true"
"ffb6b64401cc7f55e41806157ca20d30f6b2e01628be2c2a8bc67ee0693a27e2","7","1",""
"ffb6b64401cc7f55e41806157ca20d30f6b2e01628be2c2a8bc67ee0693a27e2","3","7","true"
"4324cca2d9093fa6c2018e20d5a0b4d368ed5ff5eb62bd5002099b76c84be696","0","2",""
"4324cca2d9093fa6c2018e20d5a0b4d368ed5ff5eb62bd5002099b76c84be696","2","3",""
"4324cca2d9093fa6c2018e20d5a0b4d368ed5ff5eb62bd5002099b76c84be696","3","4","false"
"4324cca2d9093fa6c2018e20d5a0b4d368ed5ff5eb62bd5002099b76c84be696","5","1",""
"4324cca2d9093fa6c2018e20d5a0b4d368ed5ff5eb62bd5002099b76c84be696","4","5","false"
"4324cca2d9093fa6c2018e20d5a0b4d368ed5ff5eb62bd5002099b76c84be696","6","1",""
"4324cca2d9093fa6c2018e20d5a0b4d368ed5ff5eb62bd5002099b76c84be696","4","6","true"
"4324cca2d9093fa6c2018e20d5a0b4d368ed5ff5eb62bd5002099b76c84be696","7","1",""
"4324cca2d9093fa6c2018e20d5a0b4d368ed5ff5eb62bd5002099b76c84be696","3","7","true"
"a36c79aced25ad1cc3f730eea2f89fd29c3f7c6d0fd863889dabee16782705de","0","2",""
"a36c79aced25ad1cc3f730eea2f89fd29c3f7c6d0fd863889dabee16782705de","2","3",""
"a36c79aced25ad1cc3f730eea2f89fd29c3f7c6d0fd863889dabee16782705de","3","4","false"
"a36c79aced25ad1cc3f730eea2f89fd29c3f7c6d0fd863889dabee16782705de","5","1",""
"a36c79aced25ad1cc3f730eea2f89fd29c3f7c6d0fd863889dabee16782705de","4","5","false"
"a36c79aced25ad1cc3f730eea2f89fd29c3f7c6d0fd863889dabee16782705de","6","1",""
"a36c79aced25ad1cc3f730eea2f89fd29c3f7c6d0fd863889dabee16782705de","4","6","true"
"a36c79aced25ad1cc3f730eea2f89fd29c3f7c6d0fd863889dabee16782705de","3","7","true"
"a36c79aced25ad1cc3f730eea2f89fd29c3f7c6d0fd863889dabee16782705de","8","1",""
"a36c79aced25ad1cc3f730eea2f89fd29c3f7c6d0fd863889dabee16782705de","7","8","false"
"a36c79aced25ad1cc3f730eea2f89fd29c3f7c6d0fd863889dabee16782705de","9","1",""
"a36c79aced25ad1cc3f730eea2f89fd29c3f7c6d0fd863889dabee16782705de","7","9","true"
"a472807334765fa0163a600e58424e18dc06614b99d318bf729d86504d7488d6","0","2",""
"a472807334765fa0163a600e58424e18dc06614b99d318bf729d86504d7488d6","2","3",""
"a472807334765fa0163a600e58424e18dc06614b99d318bf729d86504d7488d6","4","1",""
"a472807334765fa0163a600e58424e18dc06614b99d318bf729d86504d7488d6","3","5","false"
"a472807334765fa0163a600e58424e18dc06614b99d318bf729d86504d7488d6","6","4","false"
"a472807334765fa0163a600e58424e18dc06614b99d318bf729d86504d7488d6","5","6","false"
"a472807334765fa0163a600e58424e18dc06614b99d318bf729d86504d7488d6","7","4",""
"a472807334765fa0163a600e58424e18dc06614b99d318bf729d86504d7488d6","6","7","true"
"a472807334765fa0163a600e58424e18dc06614b99d318bf729d86504d7488d6","8","4",""
"a472807334765fa0163a600e58424e18dc06614b99d318bf729d86504d7488d6","5","8","true"
"a472807334765fa0163a600e58424e18dc06614b99d318bf729d86504d7488d6","9","1",""
"a472807334765fa0163a600e58424e18dc06614b99d318bf729d86504d7488d6","10","9","false"
"a472807334765fa0163a600e58424e18dc06614b99d318bf729d86504d7488d6","3","10","true"
"a472807334765fa0163a600e58424e18dc06614b99d318bf729d86504d7488d6","11","9",""
"a472807334765fa0163a600e58424e18dc06614b99d318bf729d86504d7488d6","10","11","true"
"5cb19fcb438a8ec22a7cad16aee0c06d5924b11c54682655228fbdfdd32e5c9f","0","2",""
"5cb19fcb438a8ec22a7cad16aee0c06d5924b11c54682655228fbdfdd32e5c9f","3","1",""
"5cb19fcb438a8ec22a7cad16aee0c06d5924b11c54682655228fbdfdd32e5c9f","2","4",""
"5cb19fcb438a8ec22a7cad16aee0c06d5924b11c54682655228fbdfdd32e5c9f","5","3","false"
"5cb19fcb438a8ec22a7cad16aee0c06d5924b11c54682655228fbdfdd32e5c9f","4","5","false"
"5cb19fcb438a8ec22a7cad16aee0c06d5924b11c54682655228fbdfdd32e5c9f","6","3",""
"5cb19fcb438a8ec22a7cad16aee0c06d5924b11c54682655228fbdfdd32e5c9f","5","6","true"
"5cb19fcb438a8ec22a7cad16aee0c06d5924b11c54682655228fbdfdd32e5c9f","7","3",""
"5cb19fcb438a8ec22a7cad16aee0c06d5924b11c54682655228fbdfdd32e5c9f","8","7","false"
"5cb19fcb438a8ec22a7cad16aee0c06d5924b11c54682655228fbdfdd32e5c9f","4","8","true"
"5cb19fcb438a8ec22a7cad16aee0c06d5924b11c54682655228fbdfdd32e5c9f","9","7",""
"5cb19fcb438a8ec22a7cad16aee0c06d5924b11c54682655228fbdfdd32e5c9f","8","9","true"
"b1f1d61c329b9e32e2c49961b16c8060d2f845a7880fa16c7ae9c74020d22d06","0","2",""
"b1f1d61c329b9e32e2c49961b16c8060d2f845a7880fa16c7ae9c74020d22d06","2","3",""
"b1f1d61c329b9e32e2c49961b16c8060d2f845a7880fa16c7ae9c74020d22d06","4","1",""
"b1f1d61c329b9e32e2c49961b16c8060d2f845a7880fa16c7ae9c74020d22d06","3","4","false"
"b1f1d61c329b9e32e2c49961b16c8060d2f845a7880fa16c7ae9c74020d22d06","5","1",""
"b1f1d61c329b9e32e2c49961b16c8060d2f845a7880fa16c7ae9c74020d22d06","3","5","true"
"affed5c3d0c1296c56fb45e09eac9b37c426f8fe340e1be86be3859825289bcf","0","2",""
"affed5c3d0c1296c56fb45e09eac9b37c426f8fe340e1be86be3859825289bcf","2","3",""
"affed5c3d0c1296c56fb45e09eac9b37c426f8fe340e1be86be3859825289bcf","3","4","true"
"affed5c3d0c1296c56fb45e09eac9b37c426f8fe340e1be86be3859825289bcf","3","5","false"
"affed5c3d0c1296c56fb45e09eac9b37c426f8fe340e1be86be3859825289bcf","4","5",""
"affed5c3d0c1296c56fb45e09eac9b37c426f8fe340e1be86be3859825289bcf","6","1",""
"affed5c3d0c1296c56fb45e09eac9b37c426f8fe340e1be86be3859825289bcf","5","6","false"
"affed5c3d0c1296c56fb45e09eac9b37c426f8fe340e1be86be3859825289bcf","7","1",""
"affed5c3d0c1296c56fb45e09eac9b37c426f8fe340e1be86be3859825289bcf","5","7","true"
"b61ccdb106aa8cc5a9e35806827d918e644c74f2e3617420b1cb2f679b2a0bd4","0","2",""
"b61ccdb106aa8cc5a9e35806827d918e644c74f2e3617420b1cb2f679b2a0bd4","2","3",""
"b61ccdb106aa8cc5a9e35806827d918e644c74f2e3617420b1cb2f679b2a0bd4","3","4","false"
"b61ccdb106aa8cc5a9e35806827d918e644c74f2e3617420b1cb2f679b2a0bd4","5","1",""
"b61ccdb106aa8cc5a9e35806827d918e644c74f2e3617420b1cb2f679b2a0bd4","4","5","false"
"b61ccdb106aa8cc5a9e35806827d918e644c74f2e3617420b1cb2f679b2a0bd4","6","1",""
"b61ccdb106aa8cc5a9e35806827d918e644c74f2e3617420b1cb2f679b2a0bd4","4","6","true"
"b61ccdb106aa8cc5a9e35806827d918e644c74f2e3617420b1cb2f679b2a0bd4","7","1",""
"b61ccdb106aa8cc5a9e35806827d918e644c74f2e3617420b1cb2f679b2a0bd4","3","7","true"
"01de2c9a0df4f15a4fd7e8ad6198314665b3e5a1fca1af4641e663e7b17ee0fa","0","2",""
"01de2c9a0df4f15a4fd7e8ad6198314665b3e5a1fca1af4641e663e7b17ee0fa","2","3",""
"01de2c9a0df4f15a4fd7e8ad6198314665b3e5a1fca1af4641e663e7b17ee0fa","3","4","false"
"01de2c9a0df4f15a4fd7e8ad6198314665b3e5a1fca1af4641e663e7b17ee0fa","5","1",""
"01de2c9a0df4f15a4fd7e8ad6198314665b3e5a1fca1af4641e663e7b17ee0fa","4","5","false"
"01de2c9a0df4f15a4fd7e8ad6198314665b3e5a1fca1af4641e663e7b17ee0fa","6","1",""
"01de2c9a0df4f15a4fd7e8ad6198314665b3e5a1fca1af4641e663e7b17ee0fa","4","6","true"
"01de2c9a0df4f15a4fd7e8ad6198314665b3e5a1fca1af4641e663e7b17ee0fa","7","1",""
"01de2c9a0df4f15a4fd7e8ad6198314665b3e5a1fca1af4641e663e7b17ee0fa","3","7","true"
"2f3d21e56aea59298242ba8894d92f079002b77f2006168791c34bccf9674d1e","0","2",""
"2f3d21e56aea59298242ba8894d92f079002b77f2006168791c34bccf9674d1e","2","3",""
"2f3d21e56aea59298242ba8894d92f079002b77f2006168791c34bccf9674d1e","3","4","false"
"2f3d21e56aea59298242ba8894d92f079002b77f2006168791c34bccf9674d1e","5","1",""
"2f3d21e56aea59298242ba8894d92f079002b77f2006168791c34bccf9674d1e","4","5","false"
"2f3d21e56aea59298242ba8894d92f079002b77f2006168791c34bccf9674d1e","6","1",""
"2f3d21e56aea59298242ba8894d92f079002b77f2006168791c34bccf9674d1e","4","6","true"
"2f3d21e56aea59298242ba8894d92f079002b77f2006168791c34bccf9674d1e","7","1",""
"2f3d21e56aea59298242ba8894d92f079002b77f2006168791c34bccf9674d1e","3","7","true"
"e8d5a43aef0552f40a2fd00c457c83ea2b24a1fef3d6d4ea5f069c3c0b56faff","0","2",""
"e8d5a43aef0552f40a2fd00c457c83ea2b24a1fef3d6d4ea5f069c3c0b56faff","2","3",""
"e8d5a43aef0552f40a2fd00c457c83ea2b24a1fef3d6d4ea5f069c3c0b56faff","3","4","false"
"e8d5a43aef0552f40a2fd00c457c83ea2b24a1fef3d6d4ea5f069c3c0b56faff","5","1",""
"e8d5a43aef0552f40a2fd00c457c83ea2b24a1fef3d6d4ea5f069c3c0b56faff","4","5","false"
"e8d5a43aef0552f40a2fd00c457c83ea2b24a1fef3d6d4ea5f069c3c0b56faff","6","1",""
"e8d5a43aef0552f40a2fd00c457c83ea2b24a1fef3d6d4ea5f069c3c0b56faff","4","6","true"
"e8d5a43aef0552f40a2fd00c457c83ea2b24a1fef3d6d4ea5f069c3c0b56faff","7","1",""
"e8d5a43aef0552f40a2fd00c457c83ea2b24a1fef3d6d4ea5f069c3c0b56faff","3","7","true"
"4851e906df51a60662eeee316ba94f2e90532d6478314171d4d3ab40e7c9d4d3","0","2",""
"4851e906df51a60662eeee316ba94f2e90532d6478314171d4d3ab40e7c9d4d3","2","3",""
"4851e906df51a60662eeee316ba94f2e90532d6478314171d4d3ab40e7c9d4d3","3","4","false"
"4851e906df51a60662eeee316ba94f2e90532d6478314171d4d3ab40e7c9d4d3","5","1",""
"4851e906df51a60662eeee316ba94f2e90532d6478314171d4d3ab40e7c9d4d3","4","5","false"
"4851e906df51a60662eeee316ba94f2e90532d6478314171d4d3ab40e7c9d4d3","6","1",""
"4851e906df51a60662eeee316ba94f2e90532d6478314171d4d3ab40e7c9d4d3","4","6","true"
"4851e906df51a60662eeee316ba94f2e90532d6478314171d4d3ab40e7c9d4d3","7","1",""
"4851e906df51a60662eeee316ba94f2e90532d6478314171d4d3ab40e7c9d4d3","3","7","true"
"63058aa64c183f4bc717e20cafc02e4d416afada92b3c2fcaec331f17c5f55fd","0","2",""
"63058aa64c183f4bc717e20cafc02e4d416afada92b3c2fcaec331f17c5f55fd","2","3",""
"63058aa64c183f4bc717e20cafc02e4d416afada92b3c2fcaec331f17c5f55fd","3","4","false"
"63058aa64c183f4bc717e20cafc02e4d416afada92b3c2fcaec331f17c5f55fd","4","5","false"
"63058aa64c183f4bc717e20cafc02e4d416afada92b3c2fcaec331f17c5f55fd","6","1",""
"63058aa64c183f4bc717e20cafc02e4d416afada92b3c2fcaec331f17c5f55fd","5","6","false"
"63058aa64c183f4bc717e20cafc02e4d416afada92b3c2fcaec331f17c5f55fd","7","1",""
"63058aa64c183f4bc717e20cafc02e4d416afada92b3c2fcaec331f17c5f55fd","5","7","true"
"63058aa64c183f4bc717e20cafc02e4d416afada92b3c2fcaec331f17c5f55fd","8","1",""
"63058aa64c183f4bc717e20cafc02e4d416afada92b3c2fcaec331f17c5f55fd","4","8","true"
"63058aa64c183f4bc717e20cafc02e4d416afada92b3c2fcaec331f17c5f55fd","9","1",""
"63058aa64c183f4bc717e20cafc02e4d416afada92b3c2fcaec331f17c5f55fd","3","9","true"
"d38a8add14f9e570c2519203930fb32e18c8c28e3e9766820d54c9400ab4e032","0","2",""
"d38a8add14f9e570c2519203930fb32e18c8c28e3e9766820d54c9400ab4e032","2","3",""
"d38a8add14f9e570c2519203930fb32e18c8c28e3e9766820d54c9400ab4e032","3","4","false"
"d38a8add14f9e570c2519203930fb32e18c8c28e3e9766820d54c9400ab4e032","4","5","false"
"d38a8add14f9e570c2519203930fb32e18c8c28e3e9766820d54c9400ab4e032","6","1",""
"d38a8add14f9e570c2519203930fb32e18c8c28e3e9766820d54c9400ab4e032","5","6","false"
"d38a8add14f9e570c2519203930fb32e18c8c28e3e9766820d54c9400ab4e032","7","1",""
"d38a8add14f9e570c2519203930fb32e18c8c28e3e9766820d54c9400ab4e032","5","7","true"
"d38a8add14f9e570c2519203930fb32e18c8c28e3e9766820d54c9400ab4e032","8","1",""
"d38a8add14f9e570c2519203930fb32e18c8c28e3e9766820d54c9400ab4e032","4","8","true"
"d38a8add14f9e570c2519203930fb32e18c8c28e3e9766820d54c9400ab4e032","9","1",""
"d38a8add14f9e570c2519203930fb32e18c8c28e3e9766820d54c9400ab4e032","3","9","true"
"88fab6232bf87db141b856e72eae1745fafdc26047725bae7ad365d306513c59","0","2",""
"88fab6232bf87db141b856e72eae1745fafdc26047725bae7ad365d306513c59","2","3",""
"88fab6232bf87db141b856e72eae1745fafdc26047725bae7ad365d306513c59","3","4","false"
"88fab6232bf87db141b856e72eae1745fafdc26047725bae7ad365d306513c59","4","5","false"
"88fab6232bf87db141b856e72eae1745fafdc26047725bae7ad365d306513c59","6","1",""
"88fab6232bf87db141b856e72eae1745fafdc26047725bae7ad365d306513c59","5","6","false"
"88fab6232bf87db141b856e72eae1745fafdc26047725bae7ad365d306513c59","7","1",""
"88fab6232bf87db141b856e72eae1745fafdc26047725bae7ad365d306513c59","5","7","true"
"88fab6232bf87db141b856e72eae1745fafdc26047725bae7ad365d306513c59","8","1",""
"88fab6232bf87db141b856e72eae1745fafdc26047725bae7ad365d306513c59","4","8","true"
"88fab6232bf87db141b856e72eae1745fafdc26047725bae7ad365d306513c59","9","1",""
"88fab6232bf87db141b856e72eae1745fafdc26047725bae7ad365d306513c59","3","9","true"
"171995f8f4da71dea86b28902f7c1655cf6173914565672720cf039f2cdd7c35","0","2",""
"171995f8f4da71dea86b28902f7c1655cf6173914565672720cf039f2cdd7c35","2","3",""
"171995f8f4da71dea86b28902f7c1655cf6173914565672720cf039f2cdd7c35","3","4","false"
"171995f8f4da71dea86b28902f7c1655cf6173914565672720cf039f2cdd7c35","5","1",""
"171995f8f4da71dea86b28902f7c1655cf6173914565672720cf039f2cdd7c35","4","5","false"
"171995f8f4da71dea86b28902f7c1655cf6173914565672720cf039f2cdd7c35","6","1",""
"171995f8f4da71dea86b28902f7c1655cf6173914565672720cf039f2cdd7c35","4","6","true"
"171995f8f4da71dea86b28902f7c1655cf6173914565672720cf039f2cdd7c35","7","1",""
"171995f8f4da71dea86b28902f7c1655cf6173914565672720cf039f2cdd7c35","3","7","true"
"460389e2a20f7330a2b9be1f7ed94171c936011c445050643dea081d73d4c651","0","2",""
"460389e2a20f7330a2b9be1f7ed94171c936011c445050643dea081d73d4c651","2","3",""
"460389e2a20f7330a2b9be1f7ed94171c936011c445050643dea081d73d4c651","3","4","false"
"460389e2a20f7330a2b9be1f7ed94171c936011c445050643dea081d73d4c651","5","1",""
"460389e2a20f7330a2b9be1f7ed94171c936011c445050643dea081d73d4c651","4","5","false"
"460389e2a20f7330a2b9be1f7ed94171c936011c445050643dea081d73d4c651","6","1",""
"460389e2a20f7330a2b9be1f7ed94171c936011c445050643dea081d73d4c651","4","6","true"
"460389e2a20f7330a2b9be1f7ed94171c936011c445050643dea081d73d4c651","7","1",""
"460389e2a20f7330a2b9be1f7ed94171c936011c445050643dea081d73d4c651","3","7","true"
"5a474ccf798e65e7caf7ca31b6896f6c46a158105ad629a97928ebe677056f7d","0","2",""
"5a474ccf798e65e7caf7ca31b6896f6c46a158105ad629a97928ebe677056f7d","2","3",""
"5a474ccf798e65e7caf7ca31b6896f6c46a158105ad629a97928ebe677056f7d","3","4","false"
"5a474ccf798e65e7caf7ca31b6896f6c46a158105ad629a97928ebe677056f7d","5","1",""
"5a474ccf798e65e7caf7ca31b6896f6c46a158105ad629a97928ebe677056f7d","4","5","false"
"5a474ccf798e65e7caf7ca31b6896f6c46a158105ad629a97928ebe677056f7d","6","1",""
"5a474ccf798e65e7caf7ca31b6896f6c46a158105ad629a97928ebe677056f7d","4","6","true"
"5a474ccf798e65e7caf7ca31b6896f6c46a158105ad629a97928ebe677056f7d","7","1",""
"5a474ccf798e65e7caf7ca31b6896f6c46a158105ad629a97928ebe677056f7d","3","7","true"
"dc960c04180a1714cc2de0e6abfaf6bf31eae31987cb79e931bf284169ee771b","0","2",""
"dc960c04180a1714cc2de0e6abfaf6bf31eae31987cb79e931bf284169ee771b","2","3",""
"dc960c04180a1714cc2de0e6abfaf6bf31eae31987cb79e931bf284169ee771b","3","4","false"
"dc960c04180a1714cc2de0e6abfaf6bf31eae31987cb79e931bf284169ee771b","5","1",""
"dc960c04180a1714cc2de0e6abfaf6bf31eae31987cb79e931bf284169ee771b","4","5","false"
"dc960c04180a1714cc2de0e6abfaf6bf31eae31987cb79e931bf284169ee771b","6","1",""
"dc960c04180a1714cc2de0e6abfaf6bf31eae31987cb79e931bf284169ee771b","4","6","true"
"dc960c04180a1714cc2de0e6abfaf6bf31eae31987cb79e931bf284169ee771b","7","1",""
"dc960c04180a1714cc2de0e6abfaf6bf31eae31987cb79e931bf284169ee771b","3","7","true"
"47407621164dc025febb5dc809d7daaae9634975292318764fcade545b0a1d22","0","2",""
"47407621164dc025febb5dc809d7daaae9634975292318764fcade545b0a1d22","2","3",""
"47407621164dc025febb5dc809d7daaae9634975292318764fcade545b0a1d22","3","4","false"
"47407621164dc025febb5dc809d7daaae9634975292318764fcade545b0a1d22","5","1",""
"47407621164dc025febb5dc809d7daaae9634975292318764fcade545b0a1d22","4","5","false"
"47407621164dc025febb5dc809d7daaae9634975292318764fcade545b0a1d22","6","1",""
"47407621164dc025febb5dc809d7daaae9634975292318764fcade545b0a1d22","4","6","true"
"47407621164dc025febb5dc809d7daaae9634975292318764fcade545b0a1d22","7","1",""
"47407621164dc025febb5dc809d7daaae9634975292318764fcade545b0a1d22","3","7","true"
"c8f3c86dec4e644f2a6248c14154fd7eed34a5776fed6b210659841af38c57c8","0","2",""
"c8f3c86dec4e644f2a6248c14154fd7eed34a5776fed6b210659841af38c57c8","2","3",""
"c8f3c86dec4e644f2a6248c14154fd7eed34a5776fed6b210659841af38c57c8","3","4","false"
"c8f3c86dec4e644f2a6248c14154fd7eed34a5776fed6b210659841af38c57c8","5","1",""
"c8f3c86dec4e644f2a6248c14154fd7eed34a5776fed6b210659841af38c57c8","4","5","false"
"c8f3c86dec4e644f2a6248c14154fd7eed34a5776fed6b210659841af38c57c8","6","1",""
"c8f3c86dec4e644f2a6248c14154fd7eed34a5776fed6b210659841af38c57c8","4","6","true"
"c8f3c86dec4e644f2a6248c14154fd7eed34a5776fed6b210659841af38c57c8","7","1",""
"c8f3c86dec4e644f2a6248c14154fd7eed34a5776fed6b210659841af38c57c8","3","7","true"
"4b06c49b934f938a1220092ee75c10814da85e14579536cf1cdd3e9e90f2cc39","0","2",""
"4b06c49b934f938a1220092ee75c10814da85e14579536cf1cdd3e9e90f2cc39","2","3",""
"4b06c49b934f938a1220092ee75c10814da85e14579536cf1cdd3e9e90f2cc39","3","4","false"
"4b06c49b934f938a1220092ee75c10814da85e14579536cf1cdd3e9e90f2cc39","5","1",""
"4b06c49b934f938a1220092ee75c10814da85e14579536cf1cdd3e9e90f2cc39","4","5","false"
"4b06c49b934f938a1220092ee75c10814da85e14579536cf1cdd3e9e90f2cc39","6","1",""
"4b06c49b934f938a1220092ee75c10814da85e14579536cf1cdd3e9e90f2cc39","4","6","true"
"4b06c49b934f938a1220092ee75c10814da85e14579536cf1cdd3e9e90f2cc39","7","1",""
"4b06c49b934f938a1220092ee75c10814da85e14579536cf1cdd3e9e90f2cc39","3","7","true"
"2ac027d4735be391ba2f98a64ae0a8963d19cf485797ee8e219fc8e632041202","0","2",""
"2ac027d4735be391ba2f98a64ae0a8963d19cf485797ee8e219fc8e632041202","2","3",""
"2ac027d4735be391ba2f98a64ae0a8963d19cf485797ee8e219fc8e632041202","3","4","true"
"2ac027d4735be391ba2f98a64ae0a8963d19cf485797ee8e219fc8e632041202","3","5","false"
"2ac027d4735be391ba2f98a64ae0a8963d19cf485797ee8e219fc8e632041202","4","5",""
"2ac027d4735be391ba2f98a64ae0a8963d19cf485797ee8e219fc8e632041202","6","1",""
"2ac027d4735be391ba2f98a64ae0a8963d19cf485797ee8e219fc8e632041202","5","6","false"
"2ac027d4735be391ba2f98a64ae0a8963d19cf485797ee8e219fc8e632041202","7","1",""
"2ac027d4735be391ba2f98a64ae0a8963d19cf485797ee8e219fc8e632041202","5","7","true"
"80493e052d2334b51d5f638a7d71187e509cc3460e6f38c3da5f1a7af9b2a95d","0","2",""
"80493e052d2334b51d5f638a7d71187e509cc3460e6f38c3da5f1a7af9b2a95d","2","3",""
"80493e052d2334b51d5f638a7d71187e509cc3460e6f38c3da5f1a7af9b2a95d","3","4","true"
"80493e052d2334b51d5f638a7d71187e509cc3460e6f38c3da5f1a7af9b2a95d","3","5","false"
"80493e052d2334b51d5f638a7d71187e509cc3460e6f38c3da5f1a7af9b2a95d","4","5",""
"80493e052d2334b51d5f638a7d71187e509cc3460e6f38c3da5f1a7af9b2a95d","6","1",""
"80493e052d2334b51d5f638a7d71187e509cc3460e6f38c3da5f1a7af9b2a95d","5","6","false"
"80493e052d2334b51d5f638a7d71187e509cc3460e6f38c3da5f1a7af9b2a95d","7","1",""
"80493e052d2334b51d5f638a7d71187e509cc3460e6f38c3da5f1a7af9b2a95d","5","7","true"
"8c78cbb384bd69fb6deee1bec78761fa2280937d30e0e7879fb79d52a09d8d00","0","2",""
"8c78cbb384bd69fb6deee1bec78761fa2280937d30e0e7879fb79d52a09d8d00","2","3",""
"8c78cbb384bd69fb6deee1bec78761fa2280937d30e0e7879fb79d52a09d8d00","3","4","true"
"8c78cbb384bd69fb6deee1bec78761fa2280937d30e0e7879fb79d52a09d8d00","3","5","false"
"8c78cbb384bd69fb6deee1bec78761fa2280937d30e0e7879fb79d52a09d8d00","4","5",""
"8c78cbb384bd69fb6deee1bec78761fa2280937d30e0e7879fb79d52a09d8d00","6","1",""
"8c78cbb384bd69fb6deee1bec78761fa2280937d30e0e7879fb79d52a09d8d00","5","6","false"
"8c78cbb384bd69fb6deee1bec78761fa2280937d30e0e7879fb79d52a09d8d00","7","1",""
"8c78cbb384bd69fb6deee1bec78761fa2280937d30e0e7879fb79d52a09d8d00","5","7","true"
"614d2b6aa9cac9cfbefa5b188d7f6297aaa9c86ac30cca2adbeaf025cfb0fbbc","0","2",""
"614d2b6aa9cac9cfbefa5b188d7f6297aaa9c86ac30cca2adbeaf025cfb0fbbc","4","3","true"
"614d2b6aa9cac9cfbefa5b188d7f6297aaa9c86ac30cca2adbeaf025cfb0fbbc","3","1",""
"614d2b6aa9cac9cfbefa5b188d7f6297aaa9c86ac30cca2adbeaf025cfb0fbbc","2","4",""
"614d2b6aa9cac9cfbefa5b188d7f6297aaa9c86ac30cca2adbeaf025cfb0fbbc","4","5","false"
"614d2b6aa9cac9cfbefa5b188d7f6297aaa9c86ac30cca2adbeaf025cfb0fbbc","6","1",""
"614d2b6aa9cac9cfbefa5b188d7f6297aaa9c86ac30cca2adbeaf025cfb0fbbc","5","6","false"
"614d2b6aa9cac9cfbefa5b188d7f6297aaa9c86ac30cca2adbeaf025cfb0fbbc","7","1",""
"614d2b6aa9cac9cfbefa5b188d7f6297aaa9c86ac30cca2adbeaf025cfb0fbbc","5","7","true"
"0589a5ede06e256e8601c798e688300c98234f901383603e61a303f1541b6d45","0","2",""
"0589a5ede06e256e8601c798e688300c98234f901383603e61a303f1541b6d45","4","3","true"
"0589a5ede06e256e8601c798e688300c98234f901383603e61a303f1541b6d45","3","1",""
"0589a5ede06e256e8601c798e688300c98234f901383603e61a303f1541b6d45","2","4",""
"0589a5ede06e256e8601c798e688300c98234f901383603e61a303f1541b6d45","4","5","false"
"0589a5ede06e256e8601c798e688300c98234f901383603e61a303f1541b6d45","6","1",""
"0589a5ede06e256e8601c798e688300c98234f901383603e61a303f1541b6d45","5","6","false"
"0589a5ede06e256e8601c798e688300c98234f901383603e61a303f1541b6d45","7","1",""
"0589a5ede06e256e8601c798e688300c98234f901383603e61a303f1541b6d45","5","7","true"
"bb8eff4a0a9e231d8805efd5b8071f8b2bdce9a3cdfd784e8ba6ede378b449d5","0","2",""
"bb8eff4a0a9e231d8805efd5b8071f8b2bdce9a3cdfd784e8ba6ede378b449d5","4","3","true"
"bb8eff4a0a9e231d8805efd5b8071f8b2bdce9a3cdfd784e8ba6ede378b449d5","3","1",""
"bb8eff4a0a9e231d8805efd5b8071f8b2bdce9a3cdfd784e8ba6ede378b449d5","2","4",""
"bb8eff4a0a9e231d8805efd5b8071f8b2bdce9a3cdfd784e8ba6ede378b449d5","4","5","false"
"bb8eff4a0a9e231d8805efd5b8071f8b2bdce9a3cdfd784e8ba6ede378b449d5","6","1",""
"bb8eff4a0a9e231d8805efd5b8071f8b2bdce9a3cdfd784e8ba6ede378b449d5","5","6","false"
"bb8eff4a0a9e231d8805efd5b8071f8b2bdce9a3cdfd784e8ba6ede378b449d5","7","1",""
"bb8eff4a0a9e231d8805efd5b8071f8b2bdce9a3cdfd784e8ba6ede378b449d5","5","7","true"
"d0665640e7ef5c9661df016c7c61a52409ccc2333f64ab7d1f5a70023a289f30","0","2",""
"d0665640e7ef5c9661df016c7c61a52409ccc2333f64ab7d1f5a70023a289f30","4","3","true"
"d0665640e7ef5c9661df016c7c61a52409ccc2333f64ab7d1f5a70023a289f30","3","1",""
"d0665640e7ef5c9661df016c7c61a52409ccc2333f64ab7d1f5a70023a289f30","2","4",""
"d0665640e7ef5c9661df016c7c61a52409ccc2333f64ab7d1f5a70023a289f30","4","5","false"
"d0665640e7ef5c9661df016c7c61a52409ccc2333f64ab7d1f5a70023a289f30","5","6","false"
"d0665640e7ef5c9661df016c7c61a52409ccc2333f64ab7d1f5a70023a289f30","7","1",""
"d0665640e7ef5c9661df016c7c61a52409ccc2333f64ab7d1f5a70023a289f30","6","7","false"
"d0665640e7ef5c9661df016c7c61a52409ccc2333f64ab7d1f5a70023a289f30","8","1",""
"d0665640e7ef5c9661df016c7c61a52409ccc2333f64ab7d1f5a70023a289f30","6","8","true"
"d0665640e7ef5c9661df016c7c61a52409ccc2333f64ab7d1f5a70023a289f30","9","1",""
"d0665640e7ef5c9661df016c7c61a52409ccc2333f64ab7d1f5a70023a289f30","5","9","true"
"35b2dd69c7a67204014dd2a277390fb55481d3a8c35682080ffd314e3b5f7091","0","2",""
"35b2dd69c7a67204014dd2a277390fb55481d3a8c35682080ffd314e3b5f7091","2","3",""
"35b2dd69c7a67204014dd2a277390fb55481d3a8c35682080ffd314e3b5f7091","3","4","true"
"35b2dd69c7a67204014dd2a277390fb55481d3a8c35682080ffd314e3b5f7091","3","5","false"
"35b2dd69c7a67204014dd2a277390fb55481d3a8c35682080ffd314e3b5f7091","4","5",""
"35b2dd69c7a67204014dd2a277390fb55481d3a8c35682080ffd314e3b5f7091","5","6","true"
"35b2dd69c7a67204014dd2a277390fb55481d3a8c35682080ffd314e3b5f7091","5","7","false"
"35b2dd69c7a67204014dd2a277390fb55481d3a8c35682080ffd314e3b5f7091","6","7",""
"35b2dd69c7a67204014dd2a277390fb55481d3a8c35682080ffd314e3b5f7091","8","1",""
"35b2dd69c7a67204014dd2a277390fb55481d3a8c35682080ffd314e3b5f7091","7","8","false"
"35b2dd69c7a67204014dd2a277390fb55481d3a8c35682080ffd314e3b5f7091","9","1",""
"35b2dd69c7a67204014dd2a277390fb55481d3a8c35682080ffd314e3b5f7091","7","9","true"
"d1b94ac66ec48e4d1caab405001e696168bb0216e773f95b95d22ddf4cef404d","0","2",""
"d1b94ac66ec48e4d1caab405001e696168bb0216e773f95b95d22ddf4cef404d","2","3",""
"d1b94ac66ec48e4d1caab405001e696168bb0216e773f95b95d22ddf4cef404d","3","4","true"
"d1b94ac66ec48e4d1caab405001e696168bb0216e773f95b95d22ddf4cef404d","3","5","false"
"d1b94ac66ec48e4d1caab405001e696168bb0216e773f95b95d22ddf4cef404d","4","5",""
"d1b94ac66ec48e4d1caab405001e696168bb0216e773f95b95d22ddf4cef404d","5","6","true"
"d1b94ac66ec48e4d1caab405001e696168bb0216e773f95b95d22ddf4cef404d","5","7","false"
"d1b94ac66ec48e4d1caab405001e696168bb0216e773f95b95d22ddf4cef404d","6","7",""
"d1b94ac66ec48e4d1caab405001e696168bb0216e773f95b95d22ddf4cef404d","7","8","true"
"d1b94ac66ec48e4d1caab405001e696168bb0216e773f95b95d22ddf4cef404d","7","9","false"
"d1b94ac66ec48e4d1caab405001e696168bb0216e773f95b95d22ddf4cef404d","8","9",""
"d1b94ac66ec48e4d1caab405001e696168bb0216e773f95b95d22ddf4cef404d","10","1",""
"d1b94ac66ec48e4d1caab405001e696168bb0216e773f95b95d22ddf4cef404d","9","10","false"
"d1b94ac66ec48e4d1caab405001e696168bb0216e773f95b95d22ddf4cef404d","11","1",""
"d1b94ac66ec48e4d1caab405001e696168bb0216e773f95b95d22ddf4cef404d","9","11","true"
"f4500b55bb0eefa6944d221f8c44571568fcb96918d8116d95688ec2cb0b9428","0","2",""
"f4500b55bb0eefa6944d221f8c44571568fcb96918d8116d95688ec2cb0b9428","2","3",""
"f4500b55bb0eefa6944d221f8c44571568fcb96918d8116d95688ec2cb0b9428","3","4","true"
"f4500b55bb0eefa6944d221f8c44571568fcb96918d8116d95688ec2cb0b9428","3","5","false"
"f4500b55bb0eefa6944d221f8c44571568fcb96918d8116d95688ec2cb0b9428","4","5",""
"f4500b55bb0eefa6944d221f8c44571568fcb96918d8116d95688ec2cb0b9428","5","6","true"
"f4500b55bb0eefa6944d221f8c44571568fcb96918d8116d95688ec2cb0b9428","5","7","false"
"f4500b55bb0eefa6944d221f8c44571568fcb96918d8116d95688ec2cb0b9428","6","7",""
"f4500b55bb0eefa6944d221f8c44571568fcb96918d8116d95688ec2cb0b9428","7","8","true"
"f4500b55bb0eefa6944d221f8c44571568fcb96918d8116d95688ec2cb0b9428","7","9","false"
"f4500b55bb0eefa6944d221f8c44571568fcb96918d8116d95688ec2cb0b9428","8","9",""
"f4500b55bb0eefa6944d221f8c44571568fcb96918d8116d95688ec2cb0b9428","10","1",""
"f4500b55bb0eefa6944d221f8c44571568fcb96918d8116d95688ec2cb0b9428","9","10","false"
"f4500b55bb0eefa6944d221f8c44571568fcb96918d8116d95688ec2cb0b9428","11","1",""
"f4500b55bb0eefa6944d221f8c44571568fcb96918d8116d95688ec2cb0b9428","9","11","true"
"4b43b08fd54467a2d1c5914c714707758130815151ad2257788882635b003d8d","0","2",""
"4b43b08fd54467a2d1c5914c714707758130815151ad2257788882635b003d8d","2","3",""
"4b43b08fd54467a2d1c5914c714707758130815151ad2257788882635b003d8d","3","4","true"
"4b43b08fd54467a2d1c5914c714707758130815151ad2257788882635b003d8d","3","5","false"
"4b43b08fd54467a2d1c5914c714707758130815151ad2257788882635b003d8d","4","5",""
"4b43b08fd54467a2d1c5914c714707758130815151ad2257788882635b003d8d","5","6","true"
"4b43b08fd54467a2d1c5914c714707758130815151ad2257788882635b003d8d","5","7","false"
"4b43b08fd54467a2d1c5914c714707758130815151ad2257788882635b003d8d","6","7",""
"4b43b08fd54467a2d1c5914c714707758130815151ad2257788882635b003d8d","8","1",""
"4b43b08fd54467a2d1c5914c714707758130815151ad2257788882635b003d8d","7","8","false"
"4b43b08fd54467a2d1c5914c714707758130815151ad2257788882635b003d8d","9","1",""
"4b43b08fd54467a2d1c5914c714707758130815151ad2257788882635b003d8d","7","9","true"
"3c07427ed8ce9c14a3e0985201b7a46ed850f06738af1d62cff5e47804531f92","0","2",""
"3c07427ed8ce9c14a3e0985201b7a46ed850f06738af1d62cff5e47804531f92","2","3",""
"3c07427ed8ce9c14a3e0985201b7a46ed850f06738af1d62cff5e47804531f92","3","4","true"
"3c07427ed8ce9c14a3e0985201b7a46ed850f06738af1d62cff5e47804531f92","3","5","false"
"3c07427ed8ce9c14a3e0985201b7a46ed850f06738af1d62cff5e47804531f92","4","5",""
"3c07427ed8ce9c14a3e0985201b7a46ed850f06738af1d62cff5e47804531f92","5","6","true"
"3c07427ed8ce9c14a3e0985201b7a46ed850f06738af1d62cff5e47804531f92","5","7","false"
"3c07427ed8ce9c14a3e0985201b7a46ed850f06738af1d62cff5e47804531f92","6","7",""
"3c07427ed8ce9c14a3e0985201b7a46ed850f06738af1d62cff5e47804531f92","7","8","true"
"3c07427ed8ce9c14a3e0985201b7a46ed850f06738af1d62cff5e47804531f92","7","9","false"
"3c07427ed8ce9c14a3e0985201b7a46ed850f06738af1d62cff5e47804531f92","8","9",""
"3c07427ed8ce9c14a3e0985201b7a46ed850f06738af1d62cff5e47804531f92","9","10","true"
"3c07427ed8ce9c14a3e0985201b7a46ed850f06738af1d62cff5e47804531f92","9","11","false"
"3c07427ed8ce9c14a3e0985201b7a46ed850f06738af1d62cff5e47804531f92","10","11",""
"3c07427ed8ce9c14a3e0985201b7a46ed850f06738af1d62cff5e47804531f92","12","1",""
"3c07427ed8ce9c14a3e0985201b7a46ed850f06738af1d62cff5e47804531f92","11","12","false"
"3c07427ed8ce9c14a3e0985201b7a46ed850f06738af1d62cff5e47804531f92","13","1",""
"3c07427ed8ce9c14a3e0985201b7a46ed850f06738af1d62cff5e47804531f92","11","13","true"
"acd737d0c5df89e2b7cdbaed32bc8a73c9c7a64a82fa845224b34af3c2c576bc","0","2",""
"acd737d0c5df89e2b7cdbaed32bc8a73c9c7a64a82fa845224b34af3c2c576bc","2","3",""
"acd737d0c5df89e2b7cdbaed32bc8a73c9c7a64a82fa845224b34af3c2c576bc","3","4","true"
"acd737d0c5df89e2b7cdbaed32bc8a73c9c7a64a82fa845224b34af3c2c576bc","3","5","false"
"acd737d0c5df89e2b7cdbaed32bc8a73c9c7a64a82fa845224b34af3c2c576bc","4","5",""
"acd737d0c5df89e2b7cdbaed32bc8a73c9c7a64a82fa845224b34af3c2c576bc","5","6","true"
"acd737d0c5df89e2b7cdbaed32bc8a73c9c7a64a82fa845224b34af3c2c576bc","5","7","false"
"acd737d0c5df89e2b7cdbaed32bc8a73c9c7a64a82fa845224b34af3c2c576bc","6","7",""
"acd737d0c5df89e2b7cdbaed32bc8a73c9c7a64a82fa845224b34af3c2c576bc","7","8","true"
"acd737d0c5df89e2b7cdbaed32bc8a73c9c7a64a82fa845224b34af3c2c576bc","7","9","false"
"acd737d0c5df89e2b7cdbaed32bc8a73c9c7a64a82fa845224b34af3c2c576bc","8","9",""
"acd737d0c5df89e2b7cdbaed32bc8a73c9c7a64a82fa845224b34af3c2c576bc","10","1",""
"acd737d0c5df89e2b7cdbaed32bc8a73c9c7a64a82fa845224b34af3c2c576bc","9","10","false"
"acd737d0c5df89e2b7cdbaed32bc8a73c9c7a64a82fa845224b34af3c2c576bc","11","1",""
"acd737d0c5df89e2b7cdbaed32bc8a73c9c7a64a82fa845224b34af3c2c576bc","9","11","true"
"9dfd5d7d6ee3dde9fec53b6bd8f36dbc31109c3973d01e7717f867ee9bd5a190","0","2",""
"9dfd5d7d6ee3dde9fec53b6bd8f36dbc31109c3973d01e7717f867ee9bd5a190","2","3",""
"9dfd5d7d6ee3dde9fec53b6bd8f36dbc31109c3973d01e7717f867ee9bd5a190","3","4","true"
"9dfd5d7d6ee3dde9fec53b6bd8f36dbc31109c3973d01e7717f867ee9bd5a190","3","5","false"
"9dfd5d7d6ee3dde9fec53b6bd8f36dbc31109c3973d01e7717f867ee9bd5a190","4","5",""
"9dfd5d7d6ee3dde9fec53b6bd8f36dbc31109c3973d01e7717f867ee9bd5a190","5","6","true"
"9dfd5d7d6ee3dde9fec53b6bd8f36dbc31109c3973d01e7717f867ee9bd5a190","5","7","false"
"9dfd5d7d6ee3dde9fec53b6bd8f36dbc31109c3973d01e7717f867ee9bd5a190","6","7",""
"9dfd5d7d6ee3dde9fec53b6bd8f36dbc31109c3973d01e7717f867ee9bd5a190","7","8","true"
"9dfd5d7d6ee3dde9fec53b6bd8f36dbc31109c3973d01e7717f867ee9bd5a190","7","9","false"
"9dfd5d7d6ee3dde9fec53b6bd8f36dbc31109c3973d01e7717f867ee9bd5a190","8","9",""
"9dfd5d7d6ee3dde9fec53b6bd8f36dbc31109c3973d01e7717f867ee9bd5a190","10","1",""
"9dfd5d7d6ee3dde9fec53b6bd8f36dbc31109c3973d01e7717f867ee9bd5a190","9","10","false"
"9dfd5d7d6ee3dde9fec53b6bd8f36dbc31109c3973d01e7717f867ee9bd5a190","11","1",""
"9dfd5d7d6ee3dde9fec53b6bd8f36dbc31109c3973d01e7717f867ee9bd5a190","9","11","true"
"2e2af35d1a3aff2b0b01ab0bcaa3084e376de59ae9e11d80e125a7f2617778cb","0","2",""
"2e2af35d1a3aff2b0b01ab0bcaa3084e376de59ae9e11d80e125a7f2617778cb","2","3",""
"2e2af35d1a3aff2b0b01ab0bcaa3084e376de59ae9e11d80e125a7f2617778cb","3","4","true"
"2e2af35d1a3aff2b0b01ab0bcaa3084e376de59ae9e11d80e125a7f2617778cb","3","5","false"
"2e2af35d1a3aff2b0b01ab0bcaa3084e376de59ae9e11d80e125a7f2617778cb","4","5",""
"2e2af35d1a3aff2b0b01ab0bcaa3084e376de59ae9e11d80e125a7f2617778cb","6","1",""
"2e2af35d1a3aff2b0b01ab0bcaa3084e376de59ae9e11d80e125a7f2617778cb","5","6","false"
"2e2af35d1a3aff2b0b01ab0bcaa3084e376de59ae9e11d80e125a7f2617778cb","7","1",""
"2e2af35d1a3aff2b0b01ab0bcaa3084e376de59ae9e11d80e125a7f2617778cb","5","7","true"
"b3f1f14dda18c8204d1b4e80f43cf788ee8d5d5058e5d23383fb9b6389db5a92","0","2",""
"b3f1f14dda18c8204d1b4e80f43cf788ee8d5d5058e5d23383fb9b6389db5a92","2","3",""
"b3f1f14dda18c8204d1b4e80f43cf788ee8d5d5058e5d23383fb9b6389db5a92","3","4","true"
"b3f1f14dda18c8204d1b4e80f43cf788ee8d5d5058e5d23383fb9b6389db5a92","3","5","false"
"b3f1f14dda18c8204d1b4e80f43cf788ee8d5d5058e5d23383fb9b6389db5a92","4","5",""
"b3f1f14dda18c8204d1b4e80f43cf788ee8d5d5058e5d23383fb9b6389db5a92","6","1",""
"b3f1f14dda18c8204d1b4e80f43cf788ee8d5d5058e5d23383fb9b6389db5a92","5","6","false"
"b3f1f14dda18c8204d1b4e80f43cf788ee8d5d5058e5d23383fb9b6389db5a92","7","1",""
"b3f1f14dda18c8204d1b4e80f43cf788ee8d5d5058e5d23383fb9b6389db5a92","5","7","true"
"8d9de64ee8c663a0572729c5053b172a9ea825097c5ef7d79bec183e0f093d80","0","2",""
"8d9de64ee8c663a0572729c5053b172a9ea825097c5ef7d79bec183e0f093d80","2","3",""
"8d9de64ee8c663a0572729c5053b172a9ea825097c5ef7d79bec183e0f093d80","3","4","true"
"8d9de64ee8c663a0572729c5053b172a9ea825097c5ef7d79bec183e0f093d80","3","5","false"
"8d9de64ee8c663a0572729c5053b172a9ea825097c5ef7d79bec183e0f093d80","4","5",""
"8d9de64ee8c663a0572729c5053b172a9ea825097c5ef7d79bec183e0f093d80","5","6","true"
"8d9de64ee8c663a0572729c5053b172a9ea825097c5ef7d79bec183e0f093d80","5","7","false"
"8d9de64ee8c663a0572729c5053b172a9ea825097c5ef7d79bec183e0f093d80","6","7",""
"8d9de64ee8c663a0572729c5053b172a9ea825097c5ef7d79bec183e0f093d80","8","1",""
"8d9de64ee8c663a0572729c5053b172a9ea825097c5ef7d79bec183e0f093d80","7","8","false"
"8d9de64ee8c663a0572729c5053b172a9ea825097c5ef7d79bec183e0f093d80","9","1",""
"8d9de64ee8c663a0572729c5053b172a9ea825097c5ef7d79bec183e0f093d80","7","9","true"
"ec3cd26a06fa009f5c0d532bef4afd91e3c44d27eec6314da7480825d9874f3d","0","2",""
"ec3cd26a06fa009f5c0d532bef4afd91e3c44d27eec6314da7480825d9874f3d","2","3",""
"ec3cd26a06fa009f5c0d532bef4afd91e3c44d27eec6314da7480825d9874f3d","3","4","true"
"ec3cd26a06fa009f5c0d532bef4afd91e3c44d27eec6314da7480825d9874f3d","3","5","false"
"ec3cd26a06fa009f5c0d532bef4afd91e3c44d27eec6314da7480825d9874f3d","4","5",""
"ec3cd26a06fa009f5c0d532bef4afd91e3c44d27eec6314da7480825d9874f3d","5","6","true"
"ec3cd26a06fa009f5c0d532bef4afd91e3c44d27eec6314da7480825d9874f3d","5","7","false"
"ec3cd26a06fa009f5c0d532bef4afd91e3c44d27eec6314da7480825d9874f3d","6","7",""
"ec3cd26a06fa009f5c0d532bef4afd91e3c44d27eec6314da7480825d9874f3d","7","8","true"
"ec3cd26a06fa009f5c0d532bef4afd91e3c44d27eec6314da7480825d9874f3d","7","9","false"
"ec3cd26a06fa009f5c0d532bef4afd91e3c44d27eec6314da7480825d9874f3d","8","9",""
"ec3cd26a06fa009f5c0d532bef4afd91e3c44d27eec6314da7480825d9874f3d","10","1",""
"ec3cd26a06fa009f5c0d532bef4afd91e3c44d27eec6314da7480825d9874f3d","9","10","false"
"ec3cd26a06fa009f5c0d532bef4afd91e3c44d27eec6314da7480825d9874f3d","11","1",""
"ec3cd26a06fa009f5c0d532bef4afd91e3c44d27eec6314da7480825d9874f3d","9","11","true"
"b8d0b7120e87368f52fbfe3acca46d2d8b907cbec34853a7e1d5cd371a6ef1db","0","2",""
"b8d0b7120e87368f52fbfe3acca46d2d8b907cbec34853a7e1d5cd371a6ef1db","3","1",""
"b8d0b7120e87368f52fbfe3acca46d2d8b907cbec34853a7e1d5cd371a6ef1db","4","3","false"
"b8d0b7120e87368f52fbfe3acca46d2d8b907cbec34853a7e1d5cd371a6ef1db","2","4",""
"b8d0b7120e87368f52fbfe3acca46d2d8b907cbec34853a7e1d5cd371a6ef1db","4","5","true"
"b8d0b7120e87368f52fbfe3acca46d2d8b907cbec34853a7e1d5cd371a6ef1db","5","6","false"
"b8d0b7120e87368f52fbfe3acca46d2d8b907cbec34853a7e1d5cd371a6ef1db","7","3",""
"b8d0b7120e87368f52fbfe3acca46d2d8b907cbec34853a7e1d5cd371a6ef1db","6","7","false"
"b8d0b7120e87368f52fbfe3acca46d2d8b907cbec34853a7e1d5cd371a6ef1db","8","3",""
"b8d0b7120e87368f52fbfe3acca46d2d8b907cbec34853a7e1d5cd371a6ef1db","6","8","true"
"b8d0b7120e87368f52fbfe3acca46d2d8b907cbec34853a7e1d5cd371a6ef1db","9","3",""
"b8d0b7120e87368f52fbfe3acca46d2d8b907cbec34853a7e1d5cd371a6ef1db","5","9","true"
"13a386bbb0a686bcec2216b82c6555ae782626ed6c65fddae8987ca875410989","0","2",""
"13a386bbb0a686bcec2216b82c6555ae782626ed6c65fddae8987ca875410989","3","1",""
"13a386bbb0a686bcec2216b82c6555ae782626ed6c65fddae8987ca875410989","4","3","false"
"13a386bbb0a686bcec2216b82c6555ae782626ed6c65fddae8987ca875410989","2","4",""
"13a386bbb0a686bcec2216b82c6555ae782626ed6c65fddae8987ca875410989","4","5","true"
"13a386bbb0a686bcec2216b82c6555ae782626ed6c65fddae8987ca875410989","6","3","false"
"13a386bbb0a686bcec2216b82c6555ae782626ed6c65fddae8987ca875410989","5","6","false"
"13a386bbb0a686bcec2216b82c6555ae782626ed6c65fddae8987ca875410989","7","3",""
"13a386bbb0a686bcec2216b82c6555ae782626ed6c65fddae8987ca875410989","6","7","true"
"13a386bbb0a686bcec2216b82c6555ae782626ed6c65fddae8987ca875410989","8","3",""
"13a386bbb0a686bcec2216b82c6555ae782626ed6c65fddae8987ca875410989","5","8","true"
"a318ba0e195766157af6ad28513fae0d19b2707a759aa1e70e752950c04bca1e","0","2",""
"a318ba0e195766157af6ad28513fae0d19b2707a759aa1e70e752950c04bca1e","2","3",""
"a318ba0e195766157af6ad28513fae0d19b2707a759aa1e70e752950c04bca1e","3","4","true"
"a318ba0e195766157af6ad28513fae0d19b2707a759aa1e70e752950c04bca1e","4","5","false"
"a318ba0e195766157af6ad28513fae0d19b2707a759aa1e70e752950c04bca1e","4","6","true"
"a318ba0e195766157af6ad28513fae0d19b2707a759aa1e70e752950c04bca1e","3","7","false"
"a318ba0e195766157af6ad28513fae0d19b2707a759aa1e70e752950c04bca1e","5","7",""
"a318ba0e195766157af6ad28513fae0d19b2707a759aa1e70e752950c04bca1e","6","7",""
"a318ba0e195766157af6ad28513fae0d19b2707a759aa1e70e752950c04bca1e","8","1",""
"a318ba0e195766157af6ad28513fae0d19b2707a759aa1e70e752950c04bca1e","7","8","false"
"a318ba0e195766157af6ad28513fae0d19b2707a759aa1e70e752950c04bca1e","9","1",""
"a318ba0e195766157af6ad28513fae0d19b2707a759aa1e70e752950c04bca1e","7","9","true"
"774a97145b094b83a5ba7b3d24ff472953ade012e225cef761b98da25262398e","0","2",""
"774a97145b094b83a5ba7b3d24ff472953ade012e225cef761b98da25262398e","2","3",""
"774a97145b094b83a5ba7b3d24ff472953ade012e225cef761b98da25262398e","4","1",""
"774a97145b094b83a5ba7b3d24ff472953ade012e225cef761b98da25262398e","3","4","false"
"774a97145b094b83a5ba7b3d24ff472953ade012e225cef761b98da25262398e","5","1",""
"774a97145b094b83a5ba7b3d24ff472953ade012e225cef761b98da25262398e","3","5","true"
"d474695e6fd267753d698571b781983188f14458495ff1e8f023637098557d74","0","2",""
"d474695e6fd267753d698571b781983188f14458495ff1e8f023637098557d74","2","3",""
"d474695e6fd267753d698571b781983188f14458495ff1e8f023637098557d74","3","4","false"
"d474695e6fd267753d698571b781983188f14458495ff1e8f023637098557d74","4","5","false"
"d474695e6fd267753d698571b781983188f14458495ff1e8f023637098557d74","6","1",""
"d474695e6fd267753d698571b781983188f14458495ff1e8f023637098557d74","5","6","false"
"d474695e6fd267753d698571b781983188f14458495ff1e8f023637098557d74","7","1",""
"d474695e6fd267753d698571b781983188f14458495ff1e8f023637098557d74","5","7","true"
"d474695e6fd267753d698571b781983188f14458495ff1e8f023637098557d74","8","1",""
"d474695e6fd267753d698571b781983188f14458495ff1e8f023637098557d74","4","8","true"
"d474695e6fd267753d698571b781983188f14458495ff1e8f023637098557d74","3","9","true"
"d474695e6fd267753d698571b781983188f14458495ff1e8f023637098557d74","9","10","false"
"d474695e6fd267753d698571b781983188f14458495ff1e8f023637098557d74","11","1",""
"d474695e6fd267753d698571b781983188f14458495ff1e8f023637098557d74","10","11","false"
"d474695e6fd267753d698571b781983188f14458495ff1e8f023637098557d74","12","1",""
"d474695e6fd267753d698571b781983188f14458495ff1e8f023637098557d74","10","12","true"
"d474695e6fd267753d698571b781983188f14458495ff1e8f023637098557d74","13","1",""
"d474695e6fd267753d698571b781983188f14458495ff1e8f023637098557d74","9","13","true"
"08b17e6cb395c550f88c270146078083d3d73cf7d222386ec573e1f89094cf7e","0","2",""
"08b17e6cb395c550f88c270146078083d3d73cf7d222386ec573e1f89094cf7e","2","3",""
"08b17e6cb395c550f88c270146078083d3d73cf7d222386ec573e1f89094cf7e","3","4","false"
"08b17e6cb395c550f88c270146078083d3d73cf7d222386ec573e1f89094cf7e","5","1",""
"08b17e6cb395c550f88c270146078083d3d73cf7d222386ec573e1f89094cf7e","4","5","false"
"08b17e6cb395c550f88c270146078083d3d73cf7d222386ec573e1f89094cf7e","6","1",""
"08b17e6cb395c550f88c270146078083d3d73cf7d222386ec573e1f89094cf7e","4","6","true"
"08b17e6cb395c550f88c270146078083d3d73cf7d222386ec573e1f89094cf7e","3","7","true"
"08b17e6cb395c550f88c270146078083d3d73cf7d222386ec573e1f89094cf7e","8","1",""
"08b17e6cb395c550f88c270146078083d3d73cf7d222386ec573e1f89094cf7e","7","8","false"
"08b17e6cb395c550f88c270146078083d3d73cf7d222386ec573e1f89094cf7e","9","1",""
"08b17e6cb395c550f88c270146078083d3d73cf7d222386ec573e1f89094cf7e","7","9","true"
"5f1300f02fe3e4d6850619409b8dbe7dc4dd72a8f8ed757f415af9747edb761c","0","2",""
"5f1300f02fe3e4d6850619409b8dbe7dc4dd72a8f8ed757f415af9747edb761c","2","3",""
"5f1300f02fe3e4d6850619409b8dbe7dc4dd72a8f8ed757f415af9747edb761c","3","4","false"
"5f1300f02fe3e4d6850619409b8dbe7dc4dd72a8f8ed757f415af9747edb761c","5","1",""
"5f1300f02fe3e4d6850619409b8dbe7dc4dd72a8f8ed757f415af9747edb761c","4","5","false"
"5f1300f02fe3e4d6850619409b8dbe7dc4dd72a8f8ed757f415af9747edb761c","6","1",""
"5f1300f02fe3e4d6850619409b8dbe7dc4dd72a8f8ed757f415af9747edb761c","4","6","true"
"5f1300f02fe3e4d6850619409b8dbe7dc4dd72a8f8ed757f415af9747edb761c","3","7","true"
"5f1300f02fe3e4d6850619409b8dbe7dc4dd72a8f8ed757f415af9747edb761c","8","1",""
"5f1300f02fe3e4d6850619409b8dbe7dc4dd72a8f8ed757f415af9747edb761c","7","8","false"
"5f1300f02fe3e4d6850619409b8dbe7dc4dd72a8f8ed757f415af9747edb761c","9","1",""
"5f1300f02fe3e4d6850619409b8dbe7dc4dd72a8f8ed757f415af9747edb761c","7","9","true"
"db0ac9988c554abc18e8459b201cad53cfce63b3ed03c376c2c964eebfd5e9bc","0","2",""
"db0ac9988c554abc18e8459b201cad53cfce63b3ed03c376c2c964eebfd5e9bc","2","3",""
"db0ac9988c554abc18e8459b201cad53cfce63b3ed03c376c2c964eebfd5e9bc","3","4","false"
"db0ac9988c554abc18e8459b201cad53cfce63b3ed03c376c2c964eebfd5e9bc","5","1",""
"db0ac9988c554abc18e8459b201cad53cfce63b3ed03c376c2c964eebfd5e9bc","4","5","false"
"db0ac9988c554abc18e8459b201cad53cfce63b3ed03c376c2c964eebfd5e9bc","6","1",""
"db0ac9988c554abc18e8459b201cad53cfce63b3ed03c376c2c964eebfd5e9bc","4","6","true"
"db0ac9988c554abc18e8459b201cad53cfce63b3ed03c376c2c964eebfd5e9bc","7","1",""
"db0ac9988c554abc18e8459b201cad53cfce63b3ed03c376c2c964eebfd5e9bc","3","7","true"
"653b9bc7b5b9949f1d4d434771dfa40589d71ed8b270856c8202812aa555db5c","0","2",""
"653b9bc7b5b9949f1d4d434771dfa40589d71ed8b270856c8202812aa555db5c","2","3",""
"653b9bc7b5b9949f1d4d434771dfa40589d71ed8b270856c8202812aa555db5c","3","4","false"
"653b9bc7b5b9949f1d4d434771dfa40589d71ed8b270856c8202812aa555db5c","5","1",""
"653b9bc7b5b9949f1d4d434771dfa40589d71ed8b270856c8202812aa555db5c","4","5","false"
"653b9bc7b5b9949f1d4d434771dfa40589d71ed8b270856c8202812aa555db5c","6","1",""
"653b9bc7b5b9949f1d4d434771dfa40589d71ed8b270856c8202812aa555db5c","4","6","true"
"653b9bc7b5b9949f1d4d434771dfa40589d71ed8b270856c8202812aa555db5c","7","1",""
"653b9bc7b5b9949f1d4d434771dfa40589d71ed8b270856c8202812aa555db5c","3","7","true"
"6a0fa68ed942b84805bc4b9d7797eb5bce6a22137191fe3f3c852ab3b5fd1dfa","0","2",""
"6a0fa68ed942b84805bc4b9d7797eb5bce6a22137191fe3f3c852ab3b5fd1dfa","2","3",""
"6a0fa68ed942b84805bc4b9d7797eb5bce6a22137191fe3f3c852ab3b5fd1dfa","3","4","false"
"6a0fa68ed942b84805bc4b9d7797eb5bce6a22137191fe3f3c852ab3b5fd1dfa","5","1",""
"6a0fa68ed942b84805bc4b9d7797eb5bce6a22137191fe3f3c852ab3b5fd1dfa","4","5","false"
"6a0fa68ed942b84805bc4b9d7797eb5bce6a22137191fe3f3c852ab3b5fd1dfa","6","1",""
"6a0fa68ed942b84805bc4b9d7797eb5bce6a22137191fe3f3c852ab3b5fd1dfa","4","6","true"
"6a0fa68ed942b84805bc4b9d7797eb5bce6a22137191fe3f3c852ab3b5fd1dfa","7","1",""
"6a0fa68ed942b84805bc4b9d7797eb5bce6a22137191fe3f3c852ab3b5fd1dfa","3","7","true"
"6ec87cecd0b1a0a670692b4105da476dff996d97642e36f01fa84a899e76f42d","0","2",""
"6ec87cecd0b1a0a670692b4105da476dff996d97642e36f01fa84a899e76f42d","2","3",""
"6ec87cecd0b1a0a670692b4105da476dff996d97642e36f01fa84a899e76f42d","4","1",""
"6ec87cecd0b1a0a670692b4105da476dff996d97642e36f01fa84a899e76f42d","5","4","false"
"6ec87cecd0b1a0a670692b4105da476dff996d97642e36f01fa84a899e76f42d","3","5","false"
"6ec87cecd0b1a0a670692b4105da476dff996d97642e36f01fa84a899e76f42d","6","4",""
"6ec87cecd0b1a0a670692b4105da476dff996d97642e36f01fa84a899e76f42d","5","6","true"
"6ec87cecd0b1a0a670692b4105da476dff996d97642e36f01fa84a899e76f42d","7","1",""
"6ec87cecd0b1a0a670692b4105da476dff996d97642e36f01fa84a899e76f42d","8","7","false"
"6ec87cecd0b1a0a670692b4105da476dff996d97642e36f01fa84a899e76f42d","3","8","true"
"6ec87cecd0b1a0a670692b4105da476dff996d97642e36f01fa84a899e76f42d","9","7",""
"6ec87cecd0b1a0a670692b4105da476dff996d97642e36f01fa84a899e76f42d","8","9","true"
"c764d97a4b449b2fff8231cd7f0dd8d4e810d33826018980837a563e1c665265","0","2",""
"c764d97a4b449b2fff8231cd7f0dd8d4e810d33826018980837a563e1c665265","2","3",""
"c764d97a4b449b2fff8231cd7f0dd8d4e810d33826018980837a563e1c665265","3","4","false"
"c764d97a4b449b2fff8231cd7f0dd8d4e810d33826018980837a563e1c665265","5","1",""
"c764d97a4b449b2fff8231cd7f0dd8d4e810d33826018980837a563e1c665265","4","5","false"
"c764d97a4b449b2fff8231cd7f0dd8d4e810d33826018980837a563e1c665265","6","1",""
"c764d97a4b449b2fff8231cd7f0dd8d4e810d33826018980837a563e1c665265","4","6","true"
"c764d97a4b449b2fff8231cd7f0dd8d4e810d33826018980837a563e1c665265","7","1",""
"c764d97a4b449b2fff8231cd7f0dd8d4e810d33826018980837a563e1c665265","3","7","true"
"8e12bda867bb12920a528985b93fd49fc0de52cb9d7b080dc3d75313b79e92b5","0","2",""
"8e12bda867bb12920a528985b93fd49fc0de52cb9d7b080dc3d75313b79e92b5","2","3",""
"8e12bda867bb12920a528985b93fd49fc0de52cb9d7b080dc3d75313b79e92b5","3","4","false"
"8e12bda867bb12920a528985b93fd49fc0de52cb9d7b080dc3d75313b79e92b5","5","1",""
"8e12bda867bb12920a528985b93fd49fc0de52cb9d7b080dc3d75313b79e92b5","4","5","false"
"8e12bda867bb12920a528985b93fd49fc0de52cb9d7b080dc3d75313b79e92b5","6","1",""
"8e12bda867bb12920a528985b93fd49fc0de52cb9d7b080dc3d75313b79e92b5","7","6","false"
"8e12bda867bb12920a528985b93fd49fc0de52cb9d7b080dc3d75313b79e92b5","4","7","true"
"8e12bda867bb12920a528985b93fd49fc0de52cb9d7b080dc3d75313b79e92b5","8","6",""
"8e12bda867bb12920a528985b93fd49fc0de52cb9d7b080dc3d75313b79e92b5","7","8","true"
"8e12bda867bb12920a528985b93fd49fc0de52cb9d7b080dc3d75313b79e92b5","9","1",""
"8e12bda867bb12920a528985b93fd49fc0de52cb9d7b080dc3d75313b79e92b5","3","9","true"
"b37760d93ec3eeece239fb40982df2d0e0b435425a69973964225b99e510071f","0","2",""
"b37760d93ec3eeece239fb40982df2d0e0b435425a69973964225b99e510071f","2","3",""
"b37760d93ec3eeece239fb40982df2d0e0b435425a69973964225b99e510071f","4","1",""
"b37760d93ec3eeece239fb40982df2d0e0b435425a69973964225b99e510071f","3","4","false"
"b37760d93ec3eeece239fb40982df2d0e0b435425a69973964225b99e510071f","5","1",""
"b37760d93ec3eeece239fb40982df2d0e0b435425a69973964225b99e510071f","3","5","true"
"0c87c7c982697424696b3dd58f4504503eb64f8126e7046f0b462476b3c25d5a","0","2",""
"0c87c7c982697424696b3dd58f4504503eb64f8126e7046f0b462476b3c25d5a","2","3",""
"0c87c7c982697424696b3dd58f4504503eb64f8126e7046f0b462476b3c25d5a","4","1",""
"0c87c7c982697424696b3dd58f4504503eb64f8126e7046f0b462476b3c25d5a","3","4","false"
"0c87c7c982697424696b3dd58f4504503eb64f8126e7046f0b462476b3c25d5a","5","1",""
"0c87c7c982697424696b3dd58f4504503eb64f8126e7046f0b462476b3c25d5a","3","5","true"
"ee3988783e1b3106d2847053786d16fece33752b28d21eb4c2b6d257abc83aaa","0","2",""
"ee3988783e1b3106d2847053786d16fece33752b28d21eb4c2b6d257abc83aaa","2","3",""
"ee3988783e1b3106d2847053786d16fece33752b28d21eb4c2b6d257abc83aaa","4","1",""
"ee3988783e1b3106d2847053786d16fece33752b28d21eb4c2b6d257abc83aaa","5","4","false"
"ee3988783e1b3106d2847053786d16fece33752b28d21eb4c2b6d257abc83aaa","3","5","false"
"ee3988783e1b3106d2847053786d16fece33752b28d21eb4c2b6d257abc83aaa","6","4",""
"ee3988783e1b3106d2847053786d16fece33752b28d21eb4c2b6d257abc83aaa","5","6","true"
"ee3988783e1b3106d2847053786d16fece33752b28d21eb4c2b6d257abc83aaa","7","1",""
"ee3988783e1b3106d2847053786d16fece33752b28d21eb4c2b6d257abc83aaa","8","7","false"
"ee3988783e1b3106d2847053786d16fece33752b28d21eb4c2b6d257abc83aaa","3","8","true"
"ee3988783e1b3106d2847053786d16fece33752b28d21eb4c2b6d257abc83aaa","9","7",""
"ee3988783e1b3106d2847053786d16fece33752b28d21eb4c2b6d257abc83aaa","8","9","true"
"4929caf678104837bfb9e670828a73f9a22a48427cc950ab92207d8adfcc3d31","0","2",""
"4929caf678104837bfb9e670828a73f9a22a48427cc950ab92207d8adfcc3d31","2","3",""
"4929caf678104837bfb9e670828a73f9a22a48427cc950ab92207d8adfcc3d31","4","1",""
"4929caf678104837bfb9e670828a73f9a22a48427cc950ab92207d8adfcc3d31","5","4","false"
"4929caf678104837bfb9e670828a73f9a22a48427cc950ab92207d8adfcc3d31","3","5","false"
"4929caf678104837bfb9e670828a73f9a22a48427cc950ab92207d8adfcc3d31","6","4",""
"4929caf678104837bfb9e670828a73f9a22a48427cc950ab92207d8adfcc3d31","5","6","true"
"4929caf678104837bfb9e670828a73f9a22a48427cc950ab92207d8adfcc3d31","7","1",""
"4929caf678104837bfb9e670828a73f9a22a48427cc950ab92207d8adfcc3d31","8","7","false"
"4929caf678104837bfb9e670828a73f9a22a48427cc950ab92207d8adfcc3d31","3","8","true"
"4929caf678104837bfb9e670828a73f9a22a48427cc950ab92207d8adfcc3d31","9","7",""
"4929caf678104837bfb9e670828a73f9a22a48427cc950ab92207d8adfcc3d31","8","9","true"
"21e47e864ebfd0ca8a98fd7a59091da2a5fd5952862e08ca7d58f964e4d28214","0","2",""
"21e47e864ebfd0ca8a98fd7a59091da2a5fd5952862e08ca7d58f964e4d28214","2","3",""
"21e47e864ebfd0ca8a98fd7a59091da2a5fd5952862e08ca7d58f964e4d28214","3","4","true"
"21e47e864ebfd0ca8a98fd7a59091da2a5fd5952862e08ca7d58f964e4d28214","3","5","false"
"21e47e864ebfd0ca8a98fd7a59091da2a5fd5952862e08ca7d58f964e4d28214","4","5",""
"21e47e864ebfd0ca8a98fd7a59091da2a5fd5952862e08ca7d58f964e4d28214","5","6","false"
"21e47e864ebfd0ca8a98fd7a59091da2a5fd5952862e08ca7d58f964e4d28214","7","1",""
"21e47e864ebfd0ca8a98fd7a59091da2a5fd5952862e08ca7d58f964e4d28214","6","7","false"
"21e47e864ebfd0ca8a98fd7a59091da2a5fd5952862e08ca7d58f964e4d28214","8","1",""
"21e47e864ebfd0ca8a98fd7a59091da2a5fd5952862e08ca7d58f964e4d28214","6","8","true"
"21e47e864ebfd0ca8a98fd7a59091da2a5fd5952862e08ca7d58f964e4d28214","9","1",""
"21e47e864ebfd0ca8a98fd7a59091da2a5fd5952862e08ca7d58f964e4d28214","5","9","true"
"bd02f9b4998cc07e4373473310d2c967af7369cd35056c5bc54bf9b88452431a","0","2",""
"bd02f9b4998cc07e4373473310d2c967af7369cd35056c5bc54bf9b88452431a","2","3",""
"bd02f9b4998cc07e4373473310d2c967af7369cd35056c5bc54bf9b88452431a","3","4","true"
"bd02f9b4998cc07e4373473310d2c967af7369cd35056c5bc54bf9b88452431a","3","5","false"
"bd02f9b4998cc07e4373473310d2c967af7369cd35056c5bc54bf9b88452431a","4","5",""
"bd02f9b4998cc07e4373473310d2c967af7369cd35056c5bc54bf9b88452431a","5","6","false"
"bd02f9b4998cc07e4373473310d2c967af7369cd35056c5bc54bf9b88452431a","7","1",""
"bd02f9b4998cc07e4373473310d2c967af7369cd35056c5bc54bf9b88452431a","6","7","false"
"bd02f9b4998cc07e4373473310d2c967af7369cd35056c5bc54bf9b88452431a","8","1",""
"bd02f9b4998cc07e4373473310d2c967af7369cd35056c5bc54bf9b88452431a","6","8","true"
"bd02f9b4998cc07e4373473310d2c967af7369cd35056c5bc54bf9b88452431a","9","1",""
"bd02f9b4998cc07e4373473310d2c967af7369cd35056c5bc54bf9b88452431a","5","9","true"
"d7ab55a8b0a9141445d5ac3ac5fcbf5a3ec807d1fff17cb1223979f03f73c20e","0","2",""
"d7ab55a8b0a9141445d5ac3ac5fcbf5a3ec807d1fff17cb1223979f03f73c20e","2","3",""
"d7ab55a8b0a9141445d5ac3ac5fcbf5a3ec807d1fff17cb1223979f03f73c20e","4","1",""
"d7ab55a8b0a9141445d5ac3ac5fcbf5a3ec807d1fff17cb1223979f03f73c20e","5","4","false"
"d7ab55a8b0a9141445d5ac3ac5fcbf5a3ec807d1fff17cb1223979f03f73c20e","3","5","false"
"d7ab55a8b0a9141445d5ac3ac5fcbf5a3ec807d1fff17cb1223979f03f73c20e","6","4",""
"d7ab55a8b0a9141445d5ac3ac5fcbf5a3ec807d1fff17cb1223979f03f73c20e","5","6","true"
"d7ab55a8b0a9141445d5ac3ac5fcbf5a3ec807d1fff17cb1223979f03f73c20e","7","1",""
"d7ab55a8b0a9141445d5ac3ac5fcbf5a3ec807d1fff17cb1223979f03f73c20e","8","7","false"
"d7ab55a8b0a9141445d5ac3ac5fcbf5a3ec807d1fff17cb1223979f03f73c20e","3","8","true"
"d7ab55a8b0a9141445d5ac3ac5fcbf5a3ec807d1fff17cb1223979f03f73c20e","9","7",""
"d7ab55a8b0a9141445d5ac3ac5fcbf5a3ec807d1fff17cb1223979f03f73c20e","8","9","true"
"f052fc4b5c26fbdad167f1fefa26b7031cd657e91419ca8cdb44ed50f964d7a7","0","2",""
"f052fc4b5c26fbdad167f1fefa26b7031cd657e91419ca8cdb44ed50f964d7a7","3","1",""
"f052fc4b5c26fbdad167f1fefa26b7031cd657e91419ca8cdb44ed50f964d7a7","2","4",""
"f052fc4b5c26fbdad167f1fefa26b7031cd657e91419ca8cdb44ed50f964d7a7","5","3","false"
"f052fc4b5c26fbdad167f1fefa26b7031cd657e91419ca8cdb44ed50f964d7a7","4","5","false"
"f052fc4b5c26fbdad167f1fefa26b7031cd657e91419ca8cdb44ed50f964d7a7","6","3",""
"f052fc4b5c26fbdad167f1fefa26b7031cd657e91419ca8cdb44ed50f964d7a7","5","6","true"
"f052fc4b5c26fbdad167f1fefa26b7031cd657e91419ca8cdb44ed50f964d7a7","7","3",""
"f052fc4b5c26fbdad167f1fefa26b7031cd657e91419ca8cdb44ed50f964d7a7","4","7","true"
"c78c88f219c80778a084de8202832f0457c72607b478feece6a4327202a52008","0","2",""
"c78c88f219c80778a084de8202832f0457c72607b478feece6a4327202a52008","3","1",""
"c78c88f219c80778a084de8202832f0457c72607b478feece6a4327202a52008","2","4",""
"c78c88f219c80778a084de8202832f0457c72607b478feece6a4327202a52008","5","3","false"
"c78c88f219c80778a084de8202832f0457c72607b478feece6a4327202a52008","4","5","false"
"c78c88f219c80778a084de8202832f0457c72607b478feece6a4327202a52008","6","3",""
"c78c88f219c80778a084de8202832f0457c72607b478feece6a4327202a52008","5","6","true"
"c78c88f219c80778a084de8202832f0457c72607b478feece6a4327202a52008","7","3",""
"c78c88f219c80778a084de8202832f0457c72607b478feece6a4327202a52008","4","7","true"
"7ee0127687c4ca577284af661f800b27046c0e2f5d9a468b9d1473dfd06c52b0","0","2",""
"7ee0127687c4ca577284af661f800b27046c0e2f5d9a468b9d1473dfd06c52b0","2","3",""
"7ee0127687c4ca577284af661f800b27046c0e2f5d9a468b9d1473dfd06c52b0","3","4",""
"7ee0127687c4ca577284af661f800b27046c0e2f5d9a468b9d1473dfd06c52b0","4","5","true"
"7ee0127687c4ca577284af661f800b27046c0e2f5d9a468b9d1473dfd06c52b0","4","6","false"
"7ee0127687c4ca577284af661f800b27046c0e2f5d9a468b9d1473dfd06c52b0","5","6",""
"7ee0127687c4ca577284af661f800b27046c0e2f5d9a468b9d1473dfd06c52b0","6","7","false"
"7ee0127687c4ca577284af661f800b27046c0e2f5d9a468b9d1473dfd06c52b0","8","1",""
"7ee0127687c4ca577284af661f800b27046c0e2f5d9a468b9d1473dfd06c52b0","7","8","false"
"7ee0127687c4ca577284af661f800b27046c0e2f5d9a468b9d1473dfd06c52b0","9","1",""
"7ee0127687c4ca577284af661f800b27046c0e2f5d9a468b9d1473dfd06c52b0","7","9","true"
"7ee0127687c4ca577284af661f800b27046c0e2f5d9a468b9d1473dfd06c52b0","10","1",""
"7ee0127687c4ca577284af661f800b27046c0e2f5d9a468b9d1473dfd06c52b0","6","10","true"
"c85e399b29468d4d5b40ad34f23408dba4db57c70711437b6c9decb8dbcba3cb","0","2",""
"c85e399b29468d4d5b40ad34f23408dba4db57c70711437b6c9decb8dbcba3cb","2","3",""
"c85e399b29468d4d5b40ad34f23408dba4db57c70711437b6c9decb8dbcba3cb","3","4","false"
"c85e399b29468d4d5b40ad34f23408dba4db57c70711437b6c9decb8dbcba3cb","5","1",""
"c85e399b29468d4d5b40ad34f23408dba4db57c70711437b6c9decb8dbcba3cb","4","5","false"
"c85e399b29468d4d5b40ad34f23408dba4db57c70711437b6c9decb8dbcba3cb","6","1",""
"c85e399b29468d4d5b40ad34f23408dba4db57c70711437b6c9decb8dbcba3cb","4","6","true"
"c85e399b29468d4d5b40ad34f23408dba4db57c70711437b6c9decb8dbcba3cb","3","7","true"
"c85e399b29468d4d5b40ad34f23408dba4db57c70711437b6c9decb8dbcba3cb","8","1",""
"c85e399b29468d4d5b40ad34f23408dba4db57c70711437b6c9decb8dbcba3cb","7","8","false"
"c85e399b29468d4d5b40ad34f23408dba4db57c70711437b6c9decb8dbcba3cb","9","1",""
"c85e399b29468d4d5b40ad34f23408dba4db57c70711437b6c9decb8dbcba3cb","7","9","true"
"f193134f0c30e560fcff2c32b929a23d181be5372258a19519f4827878e0059d","0","2",""
"f193134f0c30e560fcff2c32b929a23d181be5372258a19519f4827878e0059d","2","3",""
"f193134f0c30e560fcff2c32b929a23d181be5372258a19519f4827878e0059d","3","4","false"
"f193134f0c30e560fcff2c32b929a23d181be5372258a19519f4827878e0059d","5","1",""
"f193134f0c30e560fcff2c32b929a23d181be5372258a19519f4827878e0059d","4","5","false"
"f193134f0c30e560fcff2c32b929a23d181be5372258a19519f4827878e0059d","6","1",""
"f193134f0c30e560fcff2c32b929a23d181be5372258a19519f4827878e0059d","4","6","true"
"f193134f0c30e560fcff2c32b929a23d181be5372258a19519f4827878e0059d","7","1",""
"f193134f0c30e560fcff2c32b929a23d181be5372258a19519f4827878e0059d","3","7","true"
"ec8c468657e397eb056976724e478d259b6d825fd6a5356bca705e92442bc56c","0","2",""
"ec8c468657e397eb056976724e478d259b6d825fd6a5356bca705e92442bc56c","2","3",""
"ec8c468657e397eb056976724e478d259b6d825fd6a5356bca705e92442bc56c","3","4","false"
"ec8c468657e397eb056976724e478d259b6d825fd6a5356bca705e92442bc56c","4","5","false"
"ec8c468657e397eb056976724e478d259b6d825fd6a5356bca705e92442bc56c","6","1",""
"ec8c468657e397eb056976724e478d259b6d825fd6a5356bca705e92442bc56c","5","6","false"
"ec8c468657e397eb056976724e478d259b6d825fd6a5356bca705e92442bc56c","7","1",""
"ec8c468657e397eb056976724e478d259b6d825fd6a5356bca705e92442bc56c","5","7","true"
"ec8c468657e397eb056976724e478d259b6d825fd6a5356bca705e92442bc56c","8","1",""
"ec8c468657e397eb056976724e478d259b6d825fd6a5356bca705e92442bc56c","4","8","true"
"ec8c468657e397eb056976724e478d259b6d825fd6a5356bca705e92442bc56c","9","1",""
"ec8c468657e397eb056976724e478d259b6d825fd6a5356bca705e92442bc56c","3","9","true"
"5cde56a815e33c215322101ce24826371a093310eaa9a3230280d5aa5abab074","0","2",""
"5cde56a815e33c215322101ce24826371a093310eaa9a3230280d5aa5abab074","2","3",""
"5cde56a815e33c215322101ce24826371a093310eaa9a3230280d5aa5abab074","3","4","false"
"5cde56a815e33c215322101ce24826371a093310eaa9a3230280d5aa5abab074","5","1",""
"5cde56a815e33c215322101ce24826371a093310eaa9a3230280d5aa5abab074","4","5","false"
"5cde56a815e33c215322101ce24826371a093310eaa9a3230280d5aa5abab074","6","1",""
"5cde56a815e33c215322101ce24826371a093310eaa9a3230280d5aa5abab074","4","6","true"
"5cde56a815e33c215322101ce24826371a093310eaa9a3230280d5aa5abab074","7","1",""
"5cde56a815e33c215322101ce24826371a093310eaa9a3230280d5aa5abab074","3","7","true"
"a84fa4113400e59335c2344ea07e85ac8bf6869b912e7f66b43446aa7a0146a6","0","2",""
"a84fa4113400e59335c2344ea07e85ac8bf6869b912e7f66b43446aa7a0146a6","2","3",""
"a84fa4113400e59335c2344ea07e85ac8bf6869b912e7f66b43446aa7a0146a6","3","4","false"
"a84fa4113400e59335c2344ea07e85ac8bf6869b912e7f66b43446aa7a0146a6","5","1",""
"a84fa4113400e59335c2344ea07e85ac8bf6869b912e7f66b43446aa7a0146a6","4","5","false"
"a84fa4113400e59335c2344ea07e85ac8bf6869b912e7f66b43446aa7a0146a6","6","1",""
"a84fa4113400e59335c2344ea07e85ac8bf6869b912e7f66b43446aa7a0146a6","4","6","true"
"a84fa4113400e59335c2344ea07e85ac8bf6869b912e7f66b43446aa7a0146a6","7","1",""
"a84fa4113400e59335c2344ea07e85ac8bf6869b912e7f66b43446aa7a0146a6","3","7","true"
"ef4718a3aa1456cf66b08ca8dc4047c3fcee11417f387a18315d34ea0bb985f0","0","2",""
"ef4718a3aa1456cf66b08ca8dc4047c3fcee11417f387a18315d34ea0bb985f0","2","3",""
"ef4718a3aa1456cf66b08ca8dc4047c3fcee11417f387a18315d34ea0bb985f0","3","4","false"
"ef4718a3aa1456cf66b08ca8dc4047c3fcee11417f387a18315d34ea0bb985f0","5","1",""
"ef4718a3aa1456cf66b08ca8dc4047c3fcee11417f387a18315d34ea0bb985f0","4","5","false"
"ef4718a3aa1456cf66b08ca8dc4047c3fcee11417f387a18315d34ea0bb985f0","6","1",""
"ef4718a3aa1456cf66b08ca8dc4047c3fcee11417f387a18315d34ea0bb985f0","4","6","true"
"ef4718a3aa1456cf66b08ca8dc4047c3fcee11417f387a18315d34ea0bb985f0","7","1",""
"ef4718a3aa1456cf66b08ca8dc4047c3fcee11417f387a18315d34ea0bb985f0","3","7","true"
"184d153e7ce120bf4aad4c5f42cb51227a892df9aefc57abc1c108621ca32f7a","0","2",""
"184d153e7ce120bf4aad4c5f42cb51227a892df9aefc57abc1c108621ca32f7a","2","3",""
"184d153e7ce120bf4aad4c5f42cb51227a892df9aefc57abc1c108621ca32f7a","4","1",""
"184d153e7ce120bf4aad4c5f42cb51227a892df9aefc57abc1c108621ca32f7a","3","4","false"
"184d153e7ce120bf4aad4c5f42cb51227a892df9aefc57abc1c108621ca32f7a","5","1",""
"184d153e7ce120bf4aad4c5f42cb51227a892df9aefc57abc1c108621ca32f7a","3","5","true"
"6c8467b74cc346241dd3d808066433d9df72f23f05b3c1b1a276cb57f7cb28a7","0","2",""
"6c8467b74cc346241dd3d808066433d9df72f23f05b3c1b1a276cb57f7cb28a7","2","3",""
"6c8467b74cc346241dd3d808066433d9df72f23f05b3c1b1a276cb57f7cb28a7","4","1",""
"6c8467b74cc346241dd3d808066433d9df72f23f05b3c1b1a276cb57f7cb28a7","3","4","false"
"6c8467b74cc346241dd3d808066433d9df72f23f05b3c1b1a276cb57f7cb28a7","5","1",""
"6c8467b74cc346241dd3d808066433d9df72f23f05b3c1b1a276cb57f7cb28a7","3","5","true"
"de8a773062c8ad988d1c8bc5f01e6ec8dce96e68436a78b5889fd38bbe129c5d","0","2",""
"de8a773062c8ad988d1c8bc5f01e6ec8dce96e68436a78b5889fd38bbe129c5d","2","3",""
"de8a773062c8ad988d1c8bc5f01e6ec8dce96e68436a78b5889fd38bbe129c5d","4","1",""
"de8a773062c8ad988d1c8bc5f01e6ec8dce96e68436a78b5889fd38bbe129c5d","3","4","false"
"de8a773062c8ad988d1c8bc5f01e6ec8dce96e68436a78b5889fd38bbe129c5d","5","1",""
"de8a773062c8ad988d1c8bc5f01e6ec8dce96e68436a78b5889fd38bbe129c5d","3","5","true"
"c66034362faa6c34f0efaca9d542e5c8d3e132c95215fce828ab5e6057d5f5ca","0","2",""
"c66034362faa6c34f0efaca9d542e5c8d3e132c95215fce828ab5e6057d5f5ca","2","3",""
"c66034362faa6c34f0efaca9d542e5c8d3e132c95215fce828ab5e6057d5f5ca","4","1",""
"c66034362faa6c34f0efaca9d542e5c8d3e132c95215fce828ab5e6057d5f5ca","3","4","false"
"c66034362faa6c34f0efaca9d542e5c8d3e132c95215fce828ab5e6057d5f5ca","5","1",""
"c66034362faa6c34f0efaca9d542e5c8d3e132c95215fce828ab5e6057d5f5ca","3","5","true"
"810d98245991baeb4e189426e55360cb0566c668529d2e6a602f0653e7467798","0","2",""
"810d98245991baeb4e189426e55360cb0566c668529d2e6a602f0653e7467798","2","3",""
"810d98245991baeb4e189426e55360cb0566c668529d2e6a602f0653e7467798","4","1",""
"810d98245991baeb4e189426e55360cb0566c668529d2e6a602f0653e7467798","3","4","false"
"810d98245991baeb4e189426e55360cb0566c668529d2e6a602f0653e7467798","5","1",""
"810d98245991baeb4e189426e55360cb0566c668529d2e6a602f0653e7467798","3","5","true"
"bf89037d23ead94bce1e7ef0e82efeb65f986567deb46137afbc7a597e31d98f","0","2",""
"bf89037d23ead94bce1e7ef0e82efeb65f986567deb46137afbc7a597e31d98f","2","3",""
"bf89037d23ead94bce1e7ef0e82efeb65f986567deb46137afbc7a597e31d98f","4","1",""
"bf89037d23ead94bce1e7ef0e82efeb65f986567deb46137afbc7a597e31d98f","3","4","false"
"bf89037d23ead94bce1e7ef0e82efeb65f986567deb46137afbc7a597e31d98f","5","1",""
"bf89037d23ead94bce1e7ef0e82efeb65f986567deb46137afbc7a597e31d98f","3","5","true"
"9643c66e51dc0d4539613a8c11ab08e17d6bfd5c1a0560e8aa46ab9a46b16fbe","0","2",""
"9643c66e51dc0d4539613a8c11ab08e17d6bfd5c1a0560e8aa46ab9a46b16fbe","2","3",""
"9643c66e51dc0d4539613a8c11ab08e17d6bfd5c1a0560e8aa46ab9a46b16fbe","3","4","false"
"9643c66e51dc0d4539613a8c11ab08e17d6bfd5c1a0560e8aa46ab9a46b16fbe","5","1",""
"9643c66e51dc0d4539613a8c11ab08e17d6bfd5c1a0560e8aa46ab9a46b16fbe","4","5","false"
"9643c66e51dc0d4539613a8c11ab08e17d6bfd5c1a0560e8aa46ab9a46b16fbe","6","1",""
"9643c66e51dc0d4539613a8c11ab08e17d6bfd5c1a0560e8aa46ab9a46b16fbe","4","6","true"
"9643c66e51dc0d4539613a8c11ab08e17d6bfd5c1a0560e8aa46ab9a46b16fbe","3","7","true"
"9643c66e51dc0d4539613a8c11ab08e17d6bfd5c1a0560e8aa46ab9a46b16fbe","8","1",""
"9643c66e51dc0d4539613a8c11ab08e17d6bfd5c1a0560e8aa46ab9a46b16fbe","7","8","false"
"9643c66e51dc0d4539613a8c11ab08e17d6bfd5c1a0560e8aa46ab9a46b16fbe","9","1",""
"9643c66e51dc0d4539613a8c11ab08e17d6bfd5c1a0560e8aa46ab9a46b16fbe","7","9","true"
"3262aebb3c8fdd999930abd9431f3d810200584ec02963a91ceea7a01bafe97a","0","2",""
"3262aebb3c8fdd999930abd9431f3d810200584ec02963a91ceea7a01bafe97a","2","3",""
"3262aebb3c8fdd999930abd9431f3d810200584ec02963a91ceea7a01bafe97a","3","4",""
"3262aebb3c8fdd999930abd9431f3d810200584ec02963a91ceea7a01bafe97a","4","5","true"
"3262aebb3c8fdd999930abd9431f3d810200584ec02963a91ceea7a01bafe97a","4","6","false"
"3262aebb3c8fdd999930abd9431f3d810200584ec02963a91ceea7a01bafe97a","5","6",""
"3262aebb3c8fdd999930abd9431f3d810200584ec02963a91ceea7a01bafe97a","7","1",""
"3262aebb3c8fdd999930abd9431f3d810200584ec02963a91ceea7a01bafe97a","6","7","false"
"3262aebb3c8fdd999930abd9431f3d810200584ec02963a91ceea7a01bafe97a","8","1",""
"3262aebb3c8fdd999930abd9431f3d810200584ec02963a91ceea7a01bafe97a","6","8","true"
