"CodeStateId","NodeId","NodeData"
"90173bc542cf7ce1e5ed8f2bdf2af687df6cbfdc652bcb0ec54b81609c2ec303","0","before caughtSpeeding"
"90173bc542cf7ce1e5ed8f2bdf2af687df6cbfdc652bcb0ec54b81609c2ec303","1","after caughtSpeeding"
"90173bc542cf7ce1e5ed8f2bdf2af687df6cbfdc652bcb0ec54b81609c2ec303","2","caughtSpeeding"
"90173bc542cf7ce1e5ed8f2bdf2af687df6cbfdc652bcb0ec54b81609c2ec303","3","isBirthday"
"90173bc542cf7ce1e5ed8f2bdf2af687df6cbfdc652bcb0ec54b81609c2ec303","4","speed GREATER 80"
"90173bc542cf7ce1e5ed8f2bdf2af687df6cbfdc652bcb0ec54b81609c2ec303","5","speed LESS_EQUALS 60"
"90173bc542cf7ce1e5ed8f2bdf2af687df6cbfdc652bcb0ec54b81609c2ec303","6","returns 1"
"90173bc542cf7ce1e5ed8f2bdf2af687df6cbfdc652bcb0ec54b81609c2ec303","7","returns 0"
"90173bc542cf7ce1e5ed8f2bdf2af687df6cbfdc652bcb0ec54b81609c2ec303","8","returns 2"
"90173bc542cf7ce1e5ed8f2bdf2af687df6cbfdc652bcb0ec54b81609c2ec303","9","speed GREATER 85"
"90173bc542cf7ce1e5ed8f2bdf2af687df6cbfdc652bcb0ec54b81609c2ec303","10","speed LESS_EQUALS 65"
"90173bc542cf7ce1e5ed8f2bdf2af687df6cbfdc652bcb0ec54b81609c2ec303","11","returns 1"
"90173bc542cf7ce1e5ed8f2bdf2af687df6cbfdc652bcb0ec54b81609c2ec303","12","returns 0"
"90173bc542cf7ce1e5ed8f2bdf2af687df6cbfdc652bcb0ec54b81609c2ec303","13","returns 2"
"06773effafec7aed546581310307e32d59115f64fc726c1de64561d70055a53d","0","before alarmClock"
"06773effafec7aed546581310307e32d59115f64fc726c1de64561d70055a53d","1","after alarmClock"
"06773effafec7aed546581310307e32d59115f64fc726c1de64561d70055a53d","2","alarmClock"
"06773effafec7aed546581310307e32d59115f64fc726c1de64561d70055a53d","3","vacation"
"06773effafec7aed546581310307e32d59115f64fc726c1de64561d70055a53d","4","day LESS 6"
"06773effafec7aed546581310307e32d59115f64fc726c1de64561d70055a53d","5","returns 10:00"
"06773effafec7aed546581310307e32d59115f64fc726c1de64561d70055a53d","6","returns 7:00"
"06773effafec7aed546581310307e32d59115f64fc726c1de64561d70055a53d","7","returns 7:00"
"9427d1524d2991cc32a67b290bb6fd3f1716388ef8d6a2370970028cea37862d","0","before alarmClock"
"9427d1524d2991cc32a67b290bb6fd3f1716388ef8d6a2370970028cea37862d","1","after alarmClock"
"9427d1524d2991cc32a67b290bb6fd3f1716388ef8d6a2370970028cea37862d","2","alarmClock"
"9427d1524d2991cc32a67b290bb6fd3f1716388ef8d6a2370970028cea37862d","3","vacation"
"9427d1524d2991cc32a67b290bb6fd3f1716388ef8d6a2370970028cea37862d","4","day LESS 6"
"9427d1524d2991cc32a67b290bb6fd3f1716388ef8d6a2370970028cea37862d","5","returns 10:00"
"9427d1524d2991cc32a67b290bb6fd3f1716388ef8d6a2370970028cea37862d","6","returns 7:00"
"9427d1524d2991cc32a67b290bb6fd3f1716388ef8d6a2370970028cea37862d","7","day LESS 6"
"9427d1524d2991cc32a67b290bb6fd3f1716388ef8d6a2370970028cea37862d","8","returns off"
"9427d1524d2991cc32a67b290bb6fd3f1716388ef8d6a2370970028cea37862d","9","returns 10:00"
"790edada76a9f7e6a53070670791228af51f525bee91a2189e39f6c293281d19","0","before alarmClock"
"790edada76a9f7e6a53070670791228af51f525bee91a2189e39f6c293281d19","1","after alarmClock"
"790edada76a9f7e6a53070670791228af51f525bee91a2189e39f6c293281d19","2","alarmClock"
"790edada76a9f7e6a53070670791228af51f525bee91a2189e39f6c293281d19","3","vacation"
"790edada76a9f7e6a53070670791228af51f525bee91a2189e39f6c293281d19","4","day LESS 1"
"790edada76a9f7e6a53070670791228af51f525bee91a2189e39f6c293281d19","5","day LESS 6"
"790edada76a9f7e6a53070670791228af51f525bee91a2189e39f6c293281d19","6","returns 10:00"
"790edada76a9f7e6a53070670791228af51f525bee91a2189e39f6c293281d19","7","returns 7:00"
"790edada76a9f7e6a53070670791228af51f525bee91a2189e39f6c293281d19","8","returns 10:00"
"790edada76a9f7e6a53070670791228af51f525bee91a2189e39f6c293281d19","9","day LESS 6"
"790edada76a9f7e6a53070670791228af51f525bee91a2189e39f6c293281d19","10","returns off"
"790edada76a9f7e6a53070670791228af51f525bee91a2189e39f6c293281d19","11","returns 10:00"
"636d0bd8161d7935d40de340c9f3d9a8bc0ca068c991a3b5b73e907132c765c4","0","before alarmClock"
"636d0bd8161d7935d40de340c9f3d9a8bc0ca068c991a3b5b73e907132c765c4","1","after alarmClock"
"636d0bd8161d7935d40de340c9f3d9a8bc0ca068c991a3b5b73e907132c765c4","2","alarmClock"
"636d0bd8161d7935d40de340c9f3d9a8bc0ca068c991a3b5b73e907132c765c4","3","vacation"
"636d0bd8161d7935d40de340c9f3d9a8bc0ca068c991a3b5b73e907132c765c4","4","day LESS 1"
"636d0bd8161d7935d40de340c9f3d9a8bc0ca068c991a3b5b73e907132c765c4","5","day LESS 6"
"636d0bd8161d7935d40de340c9f3d9a8bc0ca068c991a3b5b73e907132c765c4","6","returns 10:00"
"636d0bd8161d7935d40de340c9f3d9a8bc0ca068c991a3b5b73e907132c765c4","7","returns 7:00"
"636d0bd8161d7935d40de340c9f3d9a8bc0ca068c991a3b5b73e907132c765c4","8","returns 10:00"
"636d0bd8161d7935d40de340c9f3d9a8bc0ca068c991a3b5b73e907132c765c4","9","day LESS 1"
"636d0bd8161d7935d40de340c9f3d9a8bc0ca068c991a3b5b73e907132c765c4","10","day LESS 6"
"636d0bd8161d7935d40de340c9f3d9a8bc0ca068c991a3b5b73e907132c765c4","11","returns off"
"636d0bd8161d7935d40de340c9f3d9a8bc0ca068c991a3b5b73e907132c765c4","12","returns 10:00"
"636d0bd8161d7935d40de340c9f3d9a8bc0ca068c991a3b5b73e907132c765c4","13","returns off"
"231c27c987042a6fae8bb474c8639faeba6f21e1205f7e6befaaa6c8d4cec5fe","0","before dateFashion"
"231c27c987042a6fae8bb474c8639faeba6f21e1205f7e6befaaa6c8d4cec5fe","1","after dateFashion"
"231c27c987042a6fae8bb474c8639faeba6f21e1205f7e6befaaa6c8d4cec5fe","2","dateFashion"
"231c27c987042a6fae8bb474c8639faeba6f21e1205f7e6befaaa6c8d4cec5fe","3","you GREATER_EQUALS 8 OR date GREATER_EQUALS 8"
"231c27c987042a6fae8bb474c8639faeba6f21e1205f7e6befaaa6c8d4cec5fe","4","you LESS_EQUALS 2 OR date LESS_EQUALS 2"
"231c27c987042a6fae8bb474c8639faeba6f21e1205f7e6befaaa6c8d4cec5fe","5","returns 1"
"231c27c987042a6fae8bb474c8639faeba6f21e1205f7e6befaaa6c8d4cec5fe","6","returns 0"
"231c27c987042a6fae8bb474c8639faeba6f21e1205f7e6befaaa6c8d4cec5fe","7","returns 2"
"011b73863066c68313b54d44b17e96d3fd1b768f0bef4df2deb6af8959a39fb9","0","before dateFashion"
"011b73863066c68313b54d44b17e96d3fd1b768f0bef4df2deb6af8959a39fb9","1","after dateFashion"
"011b73863066c68313b54d44b17e96d3fd1b768f0bef4df2deb6af8959a39fb9","2","dateFashion"
"011b73863066c68313b54d44b17e96d3fd1b768f0bef4df2deb6af8959a39fb9","3","you LESS_EQUALS 2 OR date LESS_EQUALS 2"
"011b73863066c68313b54d44b17e96d3fd1b768f0bef4df2deb6af8959a39fb9","4","you GREATER_EQUALS 8 OR date GREATER_EQUALS 8"
"011b73863066c68313b54d44b17e96d3fd1b768f0bef4df2deb6af8959a39fb9","5","returns 1"
"011b73863066c68313b54d44b17e96d3fd1b768f0bef4df2deb6af8959a39fb9","6","returns 2"
"011b73863066c68313b54d44b17e96d3fd1b768f0bef4df2deb6af8959a39fb9","7","returns 0"
"74f6a0b5c91491b10a25649ef8e4d380686bb74742146715fd663cacc5449fcc","0","before cigarParty"
"74f6a0b5c91491b10a25649ef8e4d380686bb74742146715fd663cacc5449fcc","1","after cigarParty"
"74f6a0b5c91491b10a25649ef8e4d380686bb74742146715fd663cacc5449fcc","2","cigarParty"
"74f6a0b5c91491b10a25649ef8e4d380686bb74742146715fd663cacc5449fcc","3","isWeekend AND cigars GREATER_EQUALS 40"
"74f6a0b5c91491b10a25649ef8e4d380686bb74742146715fd663cacc5449fcc","4","isWeekend AND cigars LESS 40"
"74f6a0b5c91491b10a25649ef8e4d380686bb74742146715fd663cacc5449fcc","5","returns false"
"74f6a0b5c91491b10a25649ef8e4d380686bb74742146715fd663cacc5449fcc","6","returns true"
"74f6a0b5c91491b10a25649ef8e4d380686bb74742146715fd663cacc5449fcc","7","ran LOGICAL_COMPLEMENT on isWeekend AND cigars GREATER_EQUALS 40 AND cigars LESS_EQUALS 60"
"74f6a0b5c91491b10a25649ef8e4d380686bb74742146715fd663cacc5449fcc","8","returns false"
"74f6a0b5c91491b10a25649ef8e4d380686bb74742146715fd663cacc5449fcc","9","returns true"
"0bc634e30f3fd526c9888495779abae7389b53ab00ace73f804ab435df8e4801","0","before greenTicket"
"0bc634e30f3fd526c9888495779abae7389b53ab00ace73f804ab435df8e4801","1","after greenTicket"
"0bc634e30f3fd526c9888495779abae7389b53ab00ace73f804ab435df8e4801","2","greenTicket"
"0bc634e30f3fd526c9888495779abae7389b53ab00ace73f804ab435df8e4801","3","returns 0"
"0bc634e30f3fd526c9888495779abae7389b53ab00ace73f804ab435df8e4801","4","a EQUALS b"
"0bc634e30f3fd526c9888495779abae7389b53ab00ace73f804ab435df8e4801","5","b EQUALS c"
"0bc634e30f3fd526c9888495779abae7389b53ab00ace73f804ab435df8e4801","6","returns 10"
"0bc634e30f3fd526c9888495779abae7389b53ab00ace73f804ab435df8e4801","7","returns 20"
"0bc634e30f3fd526c9888495779abae7389b53ab00ace73f804ab435df8e4801","8","a EQUALS c"
"0bc634e30f3fd526c9888495779abae7389b53ab00ace73f804ab435df8e4801","9","a EQUALS c"
"0bc634e30f3fd526c9888495779abae7389b53ab00ace73f804ab435df8e4801","10","returns 10"
"0bc634e30f3fd526c9888495779abae7389b53ab00ace73f804ab435df8e4801","11","returns 20"
"0bc634e30f3fd526c9888495779abae7389b53ab00ace73f804ab435df8e4801","12","a NOT_EQUALS c"
"0bc634e30f3fd526c9888495779abae7389b53ab00ace73f804ab435df8e4801","13","a EQUALS c"
"0bc634e30f3fd526c9888495779abae7389b53ab00ace73f804ab435df8e4801","14","returns 0"
"0bc634e30f3fd526c9888495779abae7389b53ab00ace73f804ab435df8e4801","15","returns 10"
"b3e6cf17599678e48f612a7b1272ffccf670dd77e3e5965017194f841999609b","0","before greenTicket"
"b3e6cf17599678e48f612a7b1272ffccf670dd77e3e5965017194f841999609b","1","after greenTicket"
"b3e6cf17599678e48f612a7b1272ffccf670dd77e3e5965017194f841999609b","2","greenTicket"
"b3e6cf17599678e48f612a7b1272ffccf670dd77e3e5965017194f841999609b","3","returns 0"
"b3e6cf17599678e48f612a7b1272ffccf670dd77e3e5965017194f841999609b","4","a EQUALS b BINARY_AND b EQUALS c"
"b3e6cf17599678e48f612a7b1272ffccf670dd77e3e5965017194f841999609b","5","returns 20"
"7d3d3d99573d8db7add7edaa31b0c2069226196827aaae1260e8aa8e747ed69e","0","before greenTicket"
"7d3d3d99573d8db7add7edaa31b0c2069226196827aaae1260e8aa8e747ed69e","1","after greenTicket"
"7d3d3d99573d8db7add7edaa31b0c2069226196827aaae1260e8aa8e747ed69e","2","greenTicket"
"7d3d3d99573d8db7add7edaa31b0c2069226196827aaae1260e8aa8e747ed69e","3","a EQUALS b BINARY_AND b EQUALS c"
"7d3d3d99573d8db7add7edaa31b0c2069226196827aaae1260e8aa8e747ed69e","4","a NOT_EQUALS c BINARY_AND a NOT_EQUALS b"
"7d3d3d99573d8db7add7edaa31b0c2069226196827aaae1260e8aa8e747ed69e","5","returns 0"
"7d3d3d99573d8db7add7edaa31b0c2069226196827aaae1260e8aa8e747ed69e","6","returns 10"
"7d3d3d99573d8db7add7edaa31b0c2069226196827aaae1260e8aa8e747ed69e","7","returns 20"
"f4a949394b8fff8a0d4d1497be84345c395e24c1fcbd7a394ddf10f4d9385985","0","before greenTicket"
"f4a949394b8fff8a0d4d1497be84345c395e24c1fcbd7a394ddf10f4d9385985","1","after greenTicket"
"f4a949394b8fff8a0d4d1497be84345c395e24c1fcbd7a394ddf10f4d9385985","2","greenTicket"
"f4a949394b8fff8a0d4d1497be84345c395e24c1fcbd7a394ddf10f4d9385985","3","a EQUALS b BINARY_AND b EQUALS c"
"f4a949394b8fff8a0d4d1497be84345c395e24c1fcbd7a394ddf10f4d9385985","4","a NOT_EQUALS c BINARY_AND a NOT_EQUALS b"
"f4a949394b8fff8a0d4d1497be84345c395e24c1fcbd7a394ddf10f4d9385985","5","returns 0"
"f4a949394b8fff8a0d4d1497be84345c395e24c1fcbd7a394ddf10f4d9385985","6","returns 0"
"f4a949394b8fff8a0d4d1497be84345c395e24c1fcbd7a394ddf10f4d9385985","7","returns 20"
"a4d7597a587156f3313d18ad06f2a6327e4a49a95c7250d20149ce6186d30792","0","before greenTicket"
"a4d7597a587156f3313d18ad06f2a6327e4a49a95c7250d20149ce6186d30792","1","after greenTicket"
"a4d7597a587156f3313d18ad06f2a6327e4a49a95c7250d20149ce6186d30792","2","greenTicket"
"a4d7597a587156f3313d18ad06f2a6327e4a49a95c7250d20149ce6186d30792","3","a EQUALS b BINARY_AND b EQUALS c"
"a4d7597a587156f3313d18ad06f2a6327e4a49a95c7250d20149ce6186d30792","4","a NOT_EQUALS c BINARY_OR a NOT_EQUALS b BINARY_OR b NOT_EQUALS c"
"a4d7597a587156f3313d18ad06f2a6327e4a49a95c7250d20149ce6186d30792","5","returns 10"
"a4d7597a587156f3313d18ad06f2a6327e4a49a95c7250d20149ce6186d30792","6","returns 0"
"a4d7597a587156f3313d18ad06f2a6327e4a49a95c7250d20149ce6186d30792","7","returns 20"
"a22c58f58f8fb68d840d3fe88d8993ce864cf8d84bb2efa5a5d7c3705a0789af","0","before greenTicket"
"a22c58f58f8fb68d840d3fe88d8993ce864cf8d84bb2efa5a5d7c3705a0789af","1","after greenTicket"
"a22c58f58f8fb68d840d3fe88d8993ce864cf8d84bb2efa5a5d7c3705a0789af","2","greenTicket"
"a22c58f58f8fb68d840d3fe88d8993ce864cf8d84bb2efa5a5d7c3705a0789af","3","a EQUALS b BINARY_AND b EQUALS c"
"a22c58f58f8fb68d840d3fe88d8993ce864cf8d84bb2efa5a5d7c3705a0789af","4","a NOT_EQUALS c BINARY_AND a NOT_EQUALS b BINARY_AND b NOT_EQUALS c"
"a22c58f58f8fb68d840d3fe88d8993ce864cf8d84bb2efa5a5d7c3705a0789af","5","returns 10"
"a22c58f58f8fb68d840d3fe88d8993ce864cf8d84bb2efa5a5d7c3705a0789af","6","returns 0"
"a22c58f58f8fb68d840d3fe88d8993ce864cf8d84bb2efa5a5d7c3705a0789af","7","returns 20"
"1bfa0d45313d731abe6f46ae2e33c5cb1f9c6217dc7b777cddb5141beee7e382","0","before answerCell"
"1bfa0d45313d731abe6f46ae2e33c5cb1f9c6217dc7b777cddb5141beee7e382","1","after answerCell"
"1bfa0d45313d731abe6f46ae2e33c5cb1f9c6217dc7b777cddb5141beee7e382","2","answerCell"
"1bfa0d45313d731abe6f46ae2e33c5cb1f9c6217dc7b777cddb5141beee7e382","3","isAsleep"
"1bfa0d45313d731abe6f46ae2e33c5cb1f9c6217dc7b777cddb5141beee7e382","4","isMorning"
"1bfa0d45313d731abe6f46ae2e33c5cb1f9c6217dc7b777cddb5141beee7e382","5","returns true"
"1bfa0d45313d731abe6f46ae2e33c5cb1f9c6217dc7b777cddb5141beee7e382","6","isMom"
"1bfa0d45313d731abe6f46ae2e33c5cb1f9c6217dc7b777cddb5141beee7e382","7","returns false"
"1bfa0d45313d731abe6f46ae2e33c5cb1f9c6217dc7b777cddb5141beee7e382","8","returns true"
"1bfa0d45313d731abe6f46ae2e33c5cb1f9c6217dc7b777cddb5141beee7e382","9","returns false"
"7cd80cafd389af57037719a1da90ce2af20dd3953c1690444122bc15af8ac40c","0","before love6"
"7cd80cafd389af57037719a1da90ce2af20dd3953c1690444122bc15af8ac40c","1","after love6"
"7cd80cafd389af57037719a1da90ce2af20dd3953c1690444122bc15af8ac40c","2","love6"
"7cd80cafd389af57037719a1da90ce2af20dd3953c1690444122bc15af8ac40c","3","a EQUALS 6 BINARY_OR b EQUALS 6"
"7cd80cafd389af57037719a1da90ce2af20dd3953c1690444122bc15af8ac40c","4","a PLUS b EQUALS 6 BINARY_OR a MINUS b EQUALS 6 BINARY_OR b MINUS a EQUALS 6"
"7cd80cafd389af57037719a1da90ce2af20dd3953c1690444122bc15af8ac40c","5","returns false"
"7cd80cafd389af57037719a1da90ce2af20dd3953c1690444122bc15af8ac40c","6","returns true"
"7cd80cafd389af57037719a1da90ce2af20dd3953c1690444122bc15af8ac40c","7","returns true"
"81f85c40aef2454c95ac52b6187ec4cd5fb7d23418dcdda3e2af6849d6bcb222","0","before sortaSum"
"81f85c40aef2454c95ac52b6187ec4cd5fb7d23418dcdda3e2af6849d6bcb222","1","after sortaSum"
"81f85c40aef2454c95ac52b6187ec4cd5fb7d23418dcdda3e2af6849d6bcb222","2","sortaSum"
"81f85c40aef2454c95ac52b6187ec4cd5fb7d23418dcdda3e2af6849d6bcb222","3","a PLUS b GREATER_EQUALS 10 BINARY_AND a PLUS b LESS_EQUALS 19"
"81f85c40aef2454c95ac52b6187ec4cd5fb7d23418dcdda3e2af6849d6bcb222","4","returns a PLUS b"
"81f85c40aef2454c95ac52b6187ec4cd5fb7d23418dcdda3e2af6849d6bcb222","5","returns 20"
"2cb0e9d377c0d70a9a17be78c80b98b213045fa09e3d0d1ad8037383b83be9e8","0","before in1To10"
"2cb0e9d377c0d70a9a17be78c80b98b213045fa09e3d0d1ad8037383b83be9e8","1","after in1To10"
"2cb0e9d377c0d70a9a17be78c80b98b213045fa09e3d0d1ad8037383b83be9e8","2","in1To10"
"2cb0e9d377c0d70a9a17be78c80b98b213045fa09e3d0d1ad8037383b83be9e8","3","n GREATER_EQUALS 1 BINARY_AND n LESS_EQUALS 10 BINARY_AND ran LOGICAL_COMPLEMENT on outsideMode"
"2cb0e9d377c0d70a9a17be78c80b98b213045fa09e3d0d1ad8037383b83be9e8","4","n LESS_EQUALS 1 BINARY_AND n GREATER_EQUALS 10 BINARY_AND outsideMode"
"2cb0e9d377c0d70a9a17be78c80b98b213045fa09e3d0d1ad8037383b83be9e8","5","returns false"
"2cb0e9d377c0d70a9a17be78c80b98b213045fa09e3d0d1ad8037383b83be9e8","6","returns true"
"2cb0e9d377c0d70a9a17be78c80b98b213045fa09e3d0d1ad8037383b83be9e8","7","returns true"
"7022cc8fc1b0ffe499ad2b37a2810c52c1526f00425217a7739811cf38aafc03","0","before in1To10"
"7022cc8fc1b0ffe499ad2b37a2810c52c1526f00425217a7739811cf38aafc03","1","after in1To10"
"7022cc8fc1b0ffe499ad2b37a2810c52c1526f00425217a7739811cf38aafc03","2","in1To10"
"7022cc8fc1b0ffe499ad2b37a2810c52c1526f00425217a7739811cf38aafc03","3","n GREATER_EQUALS 1 BINARY_AND n LESS_EQUALS 10 BINARY_AND ran LOGICAL_COMPLEMENT on outsideMode"
"7022cc8fc1b0ffe499ad2b37a2810c52c1526f00425217a7739811cf38aafc03","4","n LESS_EQUALS 1 BINARY_OR n GREATER_EQUALS 10 BINARY_AND outsideMode"
"7022cc8fc1b0ffe499ad2b37a2810c52c1526f00425217a7739811cf38aafc03","5","returns false"
"7022cc8fc1b0ffe499ad2b37a2810c52c1526f00425217a7739811cf38aafc03","6","returns true"
"7022cc8fc1b0ffe499ad2b37a2810c52c1526f00425217a7739811cf38aafc03","7","returns true"
"92c2c9b66317815cd1a4e2cf8727a7b0621793c54e10a1115b69b557bb4455cc","0","before in1To10"
"92c2c9b66317815cd1a4e2cf8727a7b0621793c54e10a1115b69b557bb4455cc","1","after in1To10"
"92c2c9b66317815cd1a4e2cf8727a7b0621793c54e10a1115b69b557bb4455cc","2","in1To10"
"92c2c9b66317815cd1a4e2cf8727a7b0621793c54e10a1115b69b557bb4455cc","3","n GREATER_EQUALS 1 BINARY_AND n LESS_EQUALS 10 BINARY_AND ran LOGICAL_COMPLEMENT on outsideMode"
"92c2c9b66317815cd1a4e2cf8727a7b0621793c54e10a1115b69b557bb4455cc","4","n LESS_EQUALS 1 BINARY_OR n GREATER_EQUALS 10 BINARY_AND outsideMode"
"92c2c9b66317815cd1a4e2cf8727a7b0621793c54e10a1115b69b557bb4455cc","5","returns false"
"92c2c9b66317815cd1a4e2cf8727a7b0621793c54e10a1115b69b557bb4455cc","6","returns true"
"92c2c9b66317815cd1a4e2cf8727a7b0621793c54e10a1115b69b557bb4455cc","7","returns true"
"bd604df1233b2c8d46fd40c98fa5e769c11cb4fbd23298e0ae790f1c68ed0967","0","before in1To10"
"bd604df1233b2c8d46fd40c98fa5e769c11cb4fbd23298e0ae790f1c68ed0967","1","after in1To10"
"bd604df1233b2c8d46fd40c98fa5e769c11cb4fbd23298e0ae790f1c68ed0967","2","in1To10"
"bd604df1233b2c8d46fd40c98fa5e769c11cb4fbd23298e0ae790f1c68ed0967","3","n GREATER_EQUALS 1 BINARY_AND n LESS_EQUALS 10 BINARY_AND ran LOGICAL_COMPLEMENT on outsideMode"
"bd604df1233b2c8d46fd40c98fa5e769c11cb4fbd23298e0ae790f1c68ed0967","4","(n LESS_EQUALS 1 BINARY_OR n GREATER_EQUALS 10) BINARY_AND outsideMode"
"bd604df1233b2c8d46fd40c98fa5e769c11cb4fbd23298e0ae790f1c68ed0967","5","returns false"
"bd604df1233b2c8d46fd40c98fa5e769c11cb4fbd23298e0ae790f1c68ed0967","6","returns true"
"bd604df1233b2c8d46fd40c98fa5e769c11cb4fbd23298e0ae790f1c68ed0967","7","returns true"
"a1e5d754fcc629af4f893bbac66b6ef3a5e377524281e8594f8a169224eabaed","0","before squirrelPlay"
"a1e5d754fcc629af4f893bbac66b6ef3a5e377524281e8594f8a169224eabaed","1","after squirrelPlay"
"a1e5d754fcc629af4f893bbac66b6ef3a5e377524281e8594f8a169224eabaed","2","squirrelPlay"
"a1e5d754fcc629af4f893bbac66b6ef3a5e377524281e8594f8a169224eabaed","3","ran LOGICAL_COMPLEMENT on isSummer BINARY_AND temp GREATER_EQUALS 60 BINARY_AND temp LESS_EQUALS 90"
"a1e5d754fcc629af4f893bbac66b6ef3a5e377524281e8594f8a169224eabaed","4","isSummer BINARY_AND temp GREATER_EQUALS 60 BINARY_AND temp LESS_EQUALS 100"
"a1e5d754fcc629af4f893bbac66b6ef3a5e377524281e8594f8a169224eabaed","5","returns false"
"a1e5d754fcc629af4f893bbac66b6ef3a5e377524281e8594f8a169224eabaed","6","returns true"
"a1e5d754fcc629af4f893bbac66b6ef3a5e377524281e8594f8a169224eabaed","7","returns true"
"64754120f1058105e4e1ade363e971e3d6902cce4a1cc78d67f2bd76c4a70555","0","before caughtSpeeding"
"64754120f1058105e4e1ade363e971e3d6902cce4a1cc78d67f2bd76c4a70555","1","after caughtSpeeding"
"64754120f1058105e4e1ade363e971e3d6902cce4a1cc78d67f2bd76c4a70555","2","caughtSpeeding"
"64754120f1058105e4e1ade363e971e3d6902cce4a1cc78d67f2bd76c4a70555","3","isBirthday"
"64754120f1058105e4e1ade363e971e3d6902cce4a1cc78d67f2bd76c4a70555","4","speed LESS_EQUALS 60"
"64754120f1058105e4e1ade363e971e3d6902cce4a1cc78d67f2bd76c4a70555","5","speed GREATER_EQUALS 61 AND speed LESS_EQUALS 80"
"64754120f1058105e4e1ade363e971e3d6902cce4a1cc78d67f2bd76c4a70555","6","returns 2"
"64754120f1058105e4e1ade363e971e3d6902cce4a1cc78d67f2bd76c4a70555","7","returns 1"
"64754120f1058105e4e1ade363e971e3d6902cce4a1cc78d67f2bd76c4a70555","8","returns 0"
"64754120f1058105e4e1ade363e971e3d6902cce4a1cc78d67f2bd76c4a70555","9","speed LESS_EQUALS 65"
"64754120f1058105e4e1ade363e971e3d6902cce4a1cc78d67f2bd76c4a70555","10","speed GREATER_EQUALS 66 AND speed LESS_EQUALS 85"
"64754120f1058105e4e1ade363e971e3d6902cce4a1cc78d67f2bd76c4a70555","11","returns 2"
"64754120f1058105e4e1ade363e971e3d6902cce4a1cc78d67f2bd76c4a70555","12","returns 1"
"64754120f1058105e4e1ade363e971e3d6902cce4a1cc78d67f2bd76c4a70555","13","returns 0"
"ffb6b64401cc7f55e41806157ca20d30f6b2e01628be2c2a8bc67ee0693a27e2","0","before dateFashion"
"ffb6b64401cc7f55e41806157ca20d30f6b2e01628be2c2a8bc67ee0693a27e2","1","after dateFashion"
"ffb6b64401cc7f55e41806157ca20d30f6b2e01628be2c2a8bc67ee0693a27e2","2","dateFashion"
"ffb6b64401cc7f55e41806157ca20d30f6b2e01628be2c2a8bc67ee0693a27e2","3","you LESS_EQUALS 2 OR date LESS_EQUALS 2"
"ffb6b64401cc7f55e41806157ca20d30f6b2e01628be2c2a8bc67ee0693a27e2","4","you LESS_EQUALS 8 OR date LESS_EQUALS 8"
"ffb6b64401cc7f55e41806157ca20d30f6b2e01628be2c2a8bc67ee0693a27e2","5","returns 1"
"ffb6b64401cc7f55e41806157ca20d30f6b2e01628be2c2a8bc67ee0693a27e2","6","returns 2"
"ffb6b64401cc7f55e41806157ca20d30f6b2e01628be2c2a8bc67ee0693a27e2","7","returns 0"
"4324cca2d9093fa6c2018e20d5a0b4d368ed5ff5eb62bd5002099b76c84be696","0","before dateFashion"
"4324cca2d9093fa6c2018e20d5a0b4d368ed5ff5eb62bd5002099b76c84be696","1","after dateFashion"
"4324cca2d9093fa6c2018e20d5a0b4d368ed5ff5eb62bd5002099b76c84be696","2","dateFashion"
"4324cca2d9093fa6c2018e20d5a0b4d368ed5ff5eb62bd5002099b76c84be696","3","you LESS_EQUALS 2 OR date LESS_EQUALS 2"
"4324cca2d9093fa6c2018e20d5a0b4d368ed5ff5eb62bd5002099b76c84be696","4","you GREATER_EQUALS 8 OR date GREATER_EQUALS 8"
"4324cca2d9093fa6c2018e20d5a0b4d368ed5ff5eb62bd5002099b76c84be696","5","returns 1"
"4324cca2d9093fa6c2018e20d5a0b4d368ed5ff5eb62bd5002099b76c84be696","6","returns 2"
"4324cca2d9093fa6c2018e20d5a0b4d368ed5ff5eb62bd5002099b76c84be696","7","returns 0"
"a36c79aced25ad1cc3f730eea2f89fd29c3f7c6d0fd863889dabee16782705de","0","before alarmClock"
"a36c79aced25ad1cc3f730eea2f89fd29c3f7c6d0fd863889dabee16782705de","1","after alarmClock"
"a36c79aced25ad1cc3f730eea2f89fd29c3f7c6d0fd863889dabee16782705de","2","alarmClock"
"a36c79aced25ad1cc3f730eea2f89fd29c3f7c6d0fd863889dabee16782705de","3","vacation"
"a36c79aced25ad1cc3f730eea2f89fd29c3f7c6d0fd863889dabee16782705de","4","day GREATER_EQUALS 1 AND day LESS_EQUALS 5"
"a36c79aced25ad1cc3f730eea2f89fd29c3f7c6d0fd863889dabee16782705de","5","returns 10:00"
"a36c79aced25ad1cc3f730eea2f89fd29c3f7c6d0fd863889dabee16782705de","6","returns 7:00"
"a36c79aced25ad1cc3f730eea2f89fd29c3f7c6d0fd863889dabee16782705de","7","day GREATER_EQUALS 1 AND day LESS_EQUALS 5"
"a36c79aced25ad1cc3f730eea2f89fd29c3f7c6d0fd863889dabee16782705de","8","returns off"
"a36c79aced25ad1cc3f730eea2f89fd29c3f7c6d0fd863889dabee16782705de","9","returns 10:00"
"a472807334765fa0163a600e58424e18dc06614b99d318bf729d86504d7488d6","0","before cigarParty"
"a472807334765fa0163a600e58424e18dc06614b99d318bf729d86504d7488d6","1","after cigarParty"
"a472807334765fa0163a600e58424e18dc06614b99d318bf729d86504d7488d6","2","cigarParty"
"a472807334765fa0163a600e58424e18dc06614b99d318bf729d86504d7488d6","3","isWeekend"
"a472807334765fa0163a600e58424e18dc06614b99d318bf729d86504d7488d6","4","returns false"
"a472807334765fa0163a600e58424e18dc06614b99d318bf729d86504d7488d6","5","cigars LESS_EQUALS 39"
"a472807334765fa0163a600e58424e18dc06614b99d318bf729d86504d7488d6","6","cigars GREATER_EQUALS 40 AND cigars LESS_EQUALS 60"
"a472807334765fa0163a600e58424e18dc06614b99d318bf729d86504d7488d6","7","returns true"
"a472807334765fa0163a600e58424e18dc06614b99d318bf729d86504d7488d6","8","returns false"
"a472807334765fa0163a600e58424e18dc06614b99d318bf729d86504d7488d6","9","returns true"
"a472807334765fa0163a600e58424e18dc06614b99d318bf729d86504d7488d6","10","cigars LESS_EQUALS 39"
"a472807334765fa0163a600e58424e18dc06614b99d318bf729d86504d7488d6","11","returns false"
"5cb19fcb438a8ec22a7cad16aee0c06d5924b11c54682655228fbdfdd32e5c9f","0","before squirrelPlay"
"5cb19fcb438a8ec22a7cad16aee0c06d5924b11c54682655228fbdfdd32e5c9f","1","after squirrelPlay"
"5cb19fcb438a8ec22a7cad16aee0c06d5924b11c54682655228fbdfdd32e5c9f","2","squirrelPlay"
"5cb19fcb438a8ec22a7cad16aee0c06d5924b11c54682655228fbdfdd32e5c9f","3","returns false"
"5cb19fcb438a8ec22a7cad16aee0c06d5924b11c54682655228fbdfdd32e5c9f","4","isSummer"
"5cb19fcb438a8ec22a7cad16aee0c06d5924b11c54682655228fbdfdd32e5c9f","5","temp GREATER_EQUALS 60 AND temp LESS_EQUALS 90"
"5cb19fcb438a8ec22a7cad16aee0c06d5924b11c54682655228fbdfdd32e5c9f","6","returns true"
"5cb19fcb438a8ec22a7cad16aee0c06d5924b11c54682655228fbdfdd32e5c9f","7","returns false"
"5cb19fcb438a8ec22a7cad16aee0c06d5924b11c54682655228fbdfdd32e5c9f","8","temp GREATER_EQUALS 60 AND temp LESS_EQUALS 100"
"5cb19fcb438a8ec22a7cad16aee0c06d5924b11c54682655228fbdfdd32e5c9f","9","returns true"
"b1f1d61c329b9e32e2c49961b16c8060d2f845a7880fa16c7ae9c74020d22d06","0","before answerCell"
"b1f1d61c329b9e32e2c49961b16c8060d2f845a7880fa16c7ae9c74020d22d06","1","after answerCell"
"b1f1d61c329b9e32e2c49961b16c8060d2f845a7880fa16c7ae9c74020d22d06","2","answerCell"
"b1f1d61c329b9e32e2c49961b16c8060d2f845a7880fa16c7ae9c74020d22d06","3","isMorning AND isMom"
"b1f1d61c329b9e32e2c49961b16c8060d2f845a7880fa16c7ae9c74020d22d06","4","returns false"
"b1f1d61c329b9e32e2c49961b16c8060d2f845a7880fa16c7ae9c74020d22d06","5","returns true"
"affed5c3d0c1296c56fb45e09eac9b37c426f8fe340e1be86be3859825289bcf","0","before answerCell"
"affed5c3d0c1296c56fb45e09eac9b37c426f8fe340e1be86be3859825289bcf","1","after answerCell"
"affed5c3d0c1296c56fb45e09eac9b37c426f8fe340e1be86be3859825289bcf","2","answerCell"
"affed5c3d0c1296c56fb45e09eac9b37c426f8fe340e1be86be3859825289bcf","3","ran LOGICAL_COMPLEMENT on isMorning"
"affed5c3d0c1296c56fb45e09eac9b37c426f8fe340e1be86be3859825289bcf","4","returns true"
"affed5c3d0c1296c56fb45e09eac9b37c426f8fe340e1be86be3859825289bcf","5","isMorning AND isMom"
"affed5c3d0c1296c56fb45e09eac9b37c426f8fe340e1be86be3859825289bcf","6","returns false"
"affed5c3d0c1296c56fb45e09eac9b37c426f8fe340e1be86be3859825289bcf","7","returns true"
"b61ccdb106aa8cc5a9e35806827d918e644c74f2e3617420b1cb2f679b2a0bd4","0","before answerCell"
"b61ccdb106aa8cc5a9e35806827d918e644c74f2e3617420b1cb2f679b2a0bd4","1","after answerCell"
"b61ccdb106aa8cc5a9e35806827d918e644c74f2e3617420b1cb2f679b2a0bd4","2","answerCell"
"b61ccdb106aa8cc5a9e35806827d918e644c74f2e3617420b1cb2f679b2a0bd4","3","ran LOGICAL_COMPLEMENT on isMorning"
"b61ccdb106aa8cc5a9e35806827d918e644c74f2e3617420b1cb2f679b2a0bd4","4","isMorning AND isMom"
"b61ccdb106aa8cc5a9e35806827d918e644c74f2e3617420b1cb2f679b2a0bd4","5","returns false"
"b61ccdb106aa8cc5a9e35806827d918e644c74f2e3617420b1cb2f679b2a0bd4","6","returns true"
"b61ccdb106aa8cc5a9e35806827d918e644c74f2e3617420b1cb2f679b2a0bd4","7","returns true"
"01de2c9a0df4f15a4fd7e8ad6198314665b3e5a1fca1af4641e663e7b17ee0fa","0","before answerCell"
"01de2c9a0df4f15a4fd7e8ad6198314665b3e5a1fca1af4641e663e7b17ee0fa","1","after answerCell"
"01de2c9a0df4f15a4fd7e8ad6198314665b3e5a1fca1af4641e663e7b17ee0fa","2","answerCell"
"01de2c9a0df4f15a4fd7e8ad6198314665b3e5a1fca1af4641e663e7b17ee0fa","3","ran LOGICAL_COMPLEMENT on isMorning AND ran LOGICAL_COMPLEMENT on isMom"
"01de2c9a0df4f15a4fd7e8ad6198314665b3e5a1fca1af4641e663e7b17ee0fa","4","isMorning AND isMom"
"01de2c9a0df4f15a4fd7e8ad6198314665b3e5a1fca1af4641e663e7b17ee0fa","5","returns false"
"01de2c9a0df4f15a4fd7e8ad6198314665b3e5a1fca1af4641e663e7b17ee0fa","6","returns true"
"01de2c9a0df4f15a4fd7e8ad6198314665b3e5a1fca1af4641e663e7b17ee0fa","7","returns true"
"2f3d21e56aea59298242ba8894d92f079002b77f2006168791c34bccf9674d1e","0","before answerCell"
"2f3d21e56aea59298242ba8894d92f079002b77f2006168791c34bccf9674d1e","1","after answerCell"
"2f3d21e56aea59298242ba8894d92f079002b77f2006168791c34bccf9674d1e","2","answerCell"
"2f3d21e56aea59298242ba8894d92f079002b77f2006168791c34bccf9674d1e","3","ran LOGICAL_COMPLEMENT on isMorning AND isMom"
"2f3d21e56aea59298242ba8894d92f079002b77f2006168791c34bccf9674d1e","4","isMorning AND isMom"
"2f3d21e56aea59298242ba8894d92f079002b77f2006168791c34bccf9674d1e","5","returns false"
"2f3d21e56aea59298242ba8894d92f079002b77f2006168791c34bccf9674d1e","6","returns true"
"2f3d21e56aea59298242ba8894d92f079002b77f2006168791c34bccf9674d1e","7","returns true"
"e8d5a43aef0552f40a2fd00c457c83ea2b24a1fef3d6d4ea5f069c3c0b56faff","0","before answerCell"
"e8d5a43aef0552f40a2fd00c457c83ea2b24a1fef3d6d4ea5f069c3c0b56faff","1","after answerCell"
"e8d5a43aef0552f40a2fd00c457c83ea2b24a1fef3d6d4ea5f069c3c0b56faff","2","answerCell"
"e8d5a43aef0552f40a2fd00c457c83ea2b24a1fef3d6d4ea5f069c3c0b56faff","3","isMorning"
"e8d5a43aef0552f40a2fd00c457c83ea2b24a1fef3d6d4ea5f069c3c0b56faff","4","isMorning AND isMom"
"e8d5a43aef0552f40a2fd00c457c83ea2b24a1fef3d6d4ea5f069c3c0b56faff","5","returns true"
"e8d5a43aef0552f40a2fd00c457c83ea2b24a1fef3d6d4ea5f069c3c0b56faff","6","returns true"
"e8d5a43aef0552f40a2fd00c457c83ea2b24a1fef3d6d4ea5f069c3c0b56faff","7","returns false"
"4851e906df51a60662eeee316ba94f2e90532d6478314171d4d3ab40e7c9d4d3","0","before answerCell"
"4851e906df51a60662eeee316ba94f2e90532d6478314171d4d3ab40e7c9d4d3","1","after answerCell"
"4851e906df51a60662eeee316ba94f2e90532d6478314171d4d3ab40e7c9d4d3","2","answerCell"
"4851e906df51a60662eeee316ba94f2e90532d6478314171d4d3ab40e7c9d4d3","3","isMorning OR isAsleep"
"4851e906df51a60662eeee316ba94f2e90532d6478314171d4d3ab40e7c9d4d3","4","isMorning AND isMom"
"4851e906df51a60662eeee316ba94f2e90532d6478314171d4d3ab40e7c9d4d3","5","returns true"
"4851e906df51a60662eeee316ba94f2e90532d6478314171d4d3ab40e7c9d4d3","6","returns true"
"4851e906df51a60662eeee316ba94f2e90532d6478314171d4d3ab40e7c9d4d3","7","returns false"
"63058aa64c183f4bc717e20cafc02e4d416afada92b3c2fcaec331f17c5f55fd","0","before answerCell"
"63058aa64c183f4bc717e20cafc02e4d416afada92b3c2fcaec331f17c5f55fd","1","after answerCell"
"63058aa64c183f4bc717e20cafc02e4d416afada92b3c2fcaec331f17c5f55fd","2","answerCell"
"63058aa64c183f4bc717e20cafc02e4d416afada92b3c2fcaec331f17c5f55fd","3","isMorning OR isAsleep"
"63058aa64c183f4bc717e20cafc02e4d416afada92b3c2fcaec331f17c5f55fd","4","isMorning AND isMom"
"63058aa64c183f4bc717e20cafc02e4d416afada92b3c2fcaec331f17c5f55fd","5","ran LOGICAL_COMPLEMENT on isMorning OR ran LOGICAL_COMPLEMENT on isAsleep"
"63058aa64c183f4bc717e20cafc02e4d416afada92b3c2fcaec331f17c5f55fd","6","returns true"
"63058aa64c183f4bc717e20cafc02e4d416afada92b3c2fcaec331f17c5f55fd","7","returns true"
"63058aa64c183f4bc717e20cafc02e4d416afada92b3c2fcaec331f17c5f55fd","8","returns true"
"63058aa64c183f4bc717e20cafc02e4d416afada92b3c2fcaec331f17c5f55fd","9","returns false"
"d38a8add14f9e570c2519203930fb32e18c8c28e3e9766820d54c9400ab4e032","0","before answerCell"
"d38a8add14f9e570c2519203930fb32e18c8c28e3e9766820d54c9400ab4e032","1","after answerCell"
"d38a8add14f9e570c2519203930fb32e18c8c28e3e9766820d54c9400ab4e032","2","answerCell"
"d38a8add14f9e570c2519203930fb32e18c8c28e3e9766820d54c9400ab4e032","3","isMorning OR isAsleep"
"d38a8add14f9e570c2519203930fb32e18c8c28e3e9766820d54c9400ab4e032","4","isMorning AND isMom"
"d38a8add14f9e570c2519203930fb32e18c8c28e3e9766820d54c9400ab4e032","5","ran LOGICAL_COMPLEMENT on isMorning AND ran LOGICAL_COMPLEMENT on isAsleep"
"d38a8add14f9e570c2519203930fb32e18c8c28e3e9766820d54c9400ab4e032","6","returns true"
"d38a8add14f9e570c2519203930fb32e18c8c28e3e9766820d54c9400ab4e032","7","returns true"
"d38a8add14f9e570c2519203930fb32e18c8c28e3e9766820d54c9400ab4e032","8","returns true"
"d38a8add14f9e570c2519203930fb32e18c8c28e3e9766820d54c9400ab4e032","9","returns false"
"88fab6232bf87db141b856e72eae1745fafdc26047725bae7ad365d306513c59","0","before answerCell"
"88fab6232bf87db141b856e72eae1745fafdc26047725bae7ad365d306513c59","1","after answerCell"
"88fab6232bf87db141b856e72eae1745fafdc26047725bae7ad365d306513c59","2","answerCell"
"88fab6232bf87db141b856e72eae1745fafdc26047725bae7ad365d306513c59","3","isMorning OR isAsleep"
"88fab6232bf87db141b856e72eae1745fafdc26047725bae7ad365d306513c59","4","isMorning AND isMom"
"88fab6232bf87db141b856e72eae1745fafdc26047725bae7ad365d306513c59","5","ran LOGICAL_COMPLEMENT on isMorning AND isAsleep"
"88fab6232bf87db141b856e72eae1745fafdc26047725bae7ad365d306513c59","6","returns true"
"88fab6232bf87db141b856e72eae1745fafdc26047725bae7ad365d306513c59","7","returns false"
"88fab6232bf87db141b856e72eae1745fafdc26047725bae7ad365d306513c59","8","returns true"
"88fab6232bf87db141b856e72eae1745fafdc26047725bae7ad365d306513c59","9","returns false"
"171995f8f4da71dea86b28902f7c1655cf6173914565672720cf039f2cdd7c35","0","before answerCell"
"171995f8f4da71dea86b28902f7c1655cf6173914565672720cf039f2cdd7c35","1","after answerCell"
"171995f8f4da71dea86b28902f7c1655cf6173914565672720cf039f2cdd7c35","2","answerCell"
"171995f8f4da71dea86b28902f7c1655cf6173914565672720cf039f2cdd7c35","3","isMorning OR isAsleep"
"171995f8f4da71dea86b28902f7c1655cf6173914565672720cf039f2cdd7c35","4","isMorning AND isMom"
"171995f8f4da71dea86b28902f7c1655cf6173914565672720cf039f2cdd7c35","5","returns true"
"171995f8f4da71dea86b28902f7c1655cf6173914565672720cf039f2cdd7c35","6","returns true"
"171995f8f4da71dea86b28902f7c1655cf6173914565672720cf039f2cdd7c35","7","returns false"
"460389e2a20f7330a2b9be1f7ed94171c936011c445050643dea081d73d4c651","0","before answerCell"
"460389e2a20f7330a2b9be1f7ed94171c936011c445050643dea081d73d4c651","1","after answerCell"
"460389e2a20f7330a2b9be1f7ed94171c936011c445050643dea081d73d4c651","2","answerCell"
"460389e2a20f7330a2b9be1f7ed94171c936011c445050643dea081d73d4c651","3","isMorning OR isAsleep"
"460389e2a20f7330a2b9be1f7ed94171c936011c445050643dea081d73d4c651","4","isMorning AND isMom"
"460389e2a20f7330a2b9be1f7ed94171c936011c445050643dea081d73d4c651","5","returns false"
"460389e2a20f7330a2b9be1f7ed94171c936011c445050643dea081d73d4c651","6","returns true"
"460389e2a20f7330a2b9be1f7ed94171c936011c445050643dea081d73d4c651","7","returns false"
"5a474ccf798e65e7caf7ca31b6896f6c46a158105ad629a97928ebe677056f7d","0","before answerCell"
"5a474ccf798e65e7caf7ca31b6896f6c46a158105ad629a97928ebe677056f7d","1","after answerCell"
"5a474ccf798e65e7caf7ca31b6896f6c46a158105ad629a97928ebe677056f7d","2","answerCell"
"5a474ccf798e65e7caf7ca31b6896f6c46a158105ad629a97928ebe677056f7d","3","isMorning OR isAsleep"
"5a474ccf798e65e7caf7ca31b6896f6c46a158105ad629a97928ebe677056f7d","4","isMorning AND isMom"
"5a474ccf798e65e7caf7ca31b6896f6c46a158105ad629a97928ebe677056f7d","5","returns true"
"5a474ccf798e65e7caf7ca31b6896f6c46a158105ad629a97928ebe677056f7d","6","returns true"
"5a474ccf798e65e7caf7ca31b6896f6c46a158105ad629a97928ebe677056f7d","7","returns false"
"dc960c04180a1714cc2de0e6abfaf6bf31eae31987cb79e931bf284169ee771b","0","before answerCell"
"dc960c04180a1714cc2de0e6abfaf6bf31eae31987cb79e931bf284169ee771b","1","after answerCell"
"dc960c04180a1714cc2de0e6abfaf6bf31eae31987cb79e931bf284169ee771b","2","answerCell"
"dc960c04180a1714cc2de0e6abfaf6bf31eae31987cb79e931bf284169ee771b","3","isMorning OR isAsleep"
"dc960c04180a1714cc2de0e6abfaf6bf31eae31987cb79e931bf284169ee771b","4","isMorning AND isMom"
"dc960c04180a1714cc2de0e6abfaf6bf31eae31987cb79e931bf284169ee771b","5","returns true"
"dc960c04180a1714cc2de0e6abfaf6bf31eae31987cb79e931bf284169ee771b","6","returns false"
"dc960c04180a1714cc2de0e6abfaf6bf31eae31987cb79e931bf284169ee771b","7","returns false"
"47407621164dc025febb5dc809d7daaae9634975292318764fcade545b0a1d22","0","before answerCell"
"47407621164dc025febb5dc809d7daaae9634975292318764fcade545b0a1d22","1","after answerCell"
"47407621164dc025febb5dc809d7daaae9634975292318764fcade545b0a1d22","2","answerCell"
"47407621164dc025febb5dc809d7daaae9634975292318764fcade545b0a1d22","3","isMorning OR isAsleep"
"47407621164dc025febb5dc809d7daaae9634975292318764fcade545b0a1d22","4","isMorning OR isMom"
"47407621164dc025febb5dc809d7daaae9634975292318764fcade545b0a1d22","5","returns true"
"47407621164dc025febb5dc809d7daaae9634975292318764fcade545b0a1d22","6","returns true"
"47407621164dc025febb5dc809d7daaae9634975292318764fcade545b0a1d22","7","returns false"
"c8f3c86dec4e644f2a6248c14154fd7eed34a5776fed6b210659841af38c57c8","0","before answerCell"
"c8f3c86dec4e644f2a6248c14154fd7eed34a5776fed6b210659841af38c57c8","1","after answerCell"
"c8f3c86dec4e644f2a6248c14154fd7eed34a5776fed6b210659841af38c57c8","2","answerCell"
"c8f3c86dec4e644f2a6248c14154fd7eed34a5776fed6b210659841af38c57c8","3","isMorning AND isAsleep"
"c8f3c86dec4e644f2a6248c14154fd7eed34a5776fed6b210659841af38c57c8","4","isMorning AND isMom"
"c8f3c86dec4e644f2a6248c14154fd7eed34a5776fed6b210659841af38c57c8","5","returns true"
"c8f3c86dec4e644f2a6248c14154fd7eed34a5776fed6b210659841af38c57c8","6","returns true"
"c8f3c86dec4e644f2a6248c14154fd7eed34a5776fed6b210659841af38c57c8","7","returns false"
"4b06c49b934f938a1220092ee75c10814da85e14579536cf1cdd3e9e90f2cc39","0","before answerCell"
"4b06c49b934f938a1220092ee75c10814da85e14579536cf1cdd3e9e90f2cc39","1","after answerCell"
"4b06c49b934f938a1220092ee75c10814da85e14579536cf1cdd3e9e90f2cc39","2","answerCell"
"4b06c49b934f938a1220092ee75c10814da85e14579536cf1cdd3e9e90f2cc39","3","isMorning OR isAsleep"
"4b06c49b934f938a1220092ee75c10814da85e14579536cf1cdd3e9e90f2cc39","4","isMorning AND isMom"
"4b06c49b934f938a1220092ee75c10814da85e14579536cf1cdd3e9e90f2cc39","5","returns true"
"4b06c49b934f938a1220092ee75c10814da85e14579536cf1cdd3e9e90f2cc39","6","returns true"
"4b06c49b934f938a1220092ee75c10814da85e14579536cf1cdd3e9e90f2cc39","7","returns false"
"2ac027d4735be391ba2f98a64ae0a8963d19cf485797ee8e219fc8e632041202","0","before answerCell"
"2ac027d4735be391ba2f98a64ae0a8963d19cf485797ee8e219fc8e632041202","1","after answerCell"
"2ac027d4735be391ba2f98a64ae0a8963d19cf485797ee8e219fc8e632041202","2","answerCell"
"2ac027d4735be391ba2f98a64ae0a8963d19cf485797ee8e219fc8e632041202","3","isMorning OR isAsleep"
"2ac027d4735be391ba2f98a64ae0a8963d19cf485797ee8e219fc8e632041202","4","returns false"
"2ac027d4735be391ba2f98a64ae0a8963d19cf485797ee8e219fc8e632041202","5","isMorning AND isMom"
"2ac027d4735be391ba2f98a64ae0a8963d19cf485797ee8e219fc8e632041202","6","returns true"
"2ac027d4735be391ba2f98a64ae0a8963d19cf485797ee8e219fc8e632041202","7","returns true"
"80493e052d2334b51d5f638a7d71187e509cc3460e6f38c3da5f1a7af9b2a95d","0","before answerCell"
"80493e052d2334b51d5f638a7d71187e509cc3460e6f38c3da5f1a7af9b2a95d","1","after answerCell"
"80493e052d2334b51d5f638a7d71187e509cc3460e6f38c3da5f1a7af9b2a95d","2","answerCell"
"80493e052d2334b51d5f638a7d71187e509cc3460e6f38c3da5f1a7af9b2a95d","3","isMorning OR isAsleep"
"80493e052d2334b51d5f638a7d71187e509cc3460e6f38c3da5f1a7af9b2a95d","4","returns false"
"80493e052d2334b51d5f638a7d71187e509cc3460e6f38c3da5f1a7af9b2a95d","5","isMorning AND isMom"
"80493e052d2334b51d5f638a7d71187e509cc3460e6f38c3da5f1a7af9b2a95d","6","returns true"
"80493e052d2334b51d5f638a7d71187e509cc3460e6f38c3da5f1a7af9b2a95d","7","returns true"
"8c78cbb384bd69fb6deee1bec78761fa2280937d30e0e7879fb79d52a09d8d00","0","before answerCell"
"8c78cbb384bd69fb6deee1bec78761fa2280937d30e0e7879fb79d52a09d8d00","1","after answerCell"
"8c78cbb384bd69fb6deee1bec78761fa2280937d30e0e7879fb79d52a09d8d00","2","answerCell"
"8c78cbb384bd69fb6deee1bec78761fa2280937d30e0e7879fb79d52a09d8d00","3","isMorning AND isMom"
"8c78cbb384bd69fb6deee1bec78761fa2280937d30e0e7879fb79d52a09d8d00","4","returns true"
"8c78cbb384bd69fb6deee1bec78761fa2280937d30e0e7879fb79d52a09d8d00","5","isMorning OR isAsleep"
"8c78cbb384bd69fb6deee1bec78761fa2280937d30e0e7879fb79d52a09d8d00","6","returns true"
"8c78cbb384bd69fb6deee1bec78761fa2280937d30e0e7879fb79d52a09d8d00","7","returns false"
"614d2b6aa9cac9cfbefa5b188d7f6297aaa9c86ac30cca2adbeaf025cfb0fbbc","0","before answerCell"
"614d2b6aa9cac9cfbefa5b188d7f6297aaa9c86ac30cca2adbeaf025cfb0fbbc","1","after answerCell"
"614d2b6aa9cac9cfbefa5b188d7f6297aaa9c86ac30cca2adbeaf025cfb0fbbc","2","answerCell"
"614d2b6aa9cac9cfbefa5b188d7f6297aaa9c86ac30cca2adbeaf025cfb0fbbc","3","returns false"
"614d2b6aa9cac9cfbefa5b188d7f6297aaa9c86ac30cca2adbeaf025cfb0fbbc","4","isAsleep"
"614d2b6aa9cac9cfbefa5b188d7f6297aaa9c86ac30cca2adbeaf025cfb0fbbc","5","isMorning AND isMom"
"614d2b6aa9cac9cfbefa5b188d7f6297aaa9c86ac30cca2adbeaf025cfb0fbbc","6","returns true"
"614d2b6aa9cac9cfbefa5b188d7f6297aaa9c86ac30cca2adbeaf025cfb0fbbc","7","returns true"
"0589a5ede06e256e8601c798e688300c98234f901383603e61a303f1541b6d45","0","before answerCell"
"0589a5ede06e256e8601c798e688300c98234f901383603e61a303f1541b6d45","1","after answerCell"
"0589a5ede06e256e8601c798e688300c98234f901383603e61a303f1541b6d45","2","answerCell"
"0589a5ede06e256e8601c798e688300c98234f901383603e61a303f1541b6d45","3","returns false"
"0589a5ede06e256e8601c798e688300c98234f901383603e61a303f1541b6d45","4","isAsleep OR isMorning"
"0589a5ede06e256e8601c798e688300c98234f901383603e61a303f1541b6d45","5","isMorning AND isMom"
"0589a5ede06e256e8601c798e688300c98234f901383603e61a303f1541b6d45","6","returns true"
"0589a5ede06e256e8601c798e688300c98234f901383603e61a303f1541b6d45","7","returns true"
"bb8eff4a0a9e231d8805efd5b8071f8b2bdce9a3cdfd784e8ba6ede378b449d5","0","before answerCell"
"bb8eff4a0a9e231d8805efd5b8071f8b2bdce9a3cdfd784e8ba6ede378b449d5","1","after answerCell"
"bb8eff4a0a9e231d8805efd5b8071f8b2bdce9a3cdfd784e8ba6ede378b449d5","2","answerCell"
"bb8eff4a0a9e231d8805efd5b8071f8b2bdce9a3cdfd784e8ba6ede378b449d5","3","returns false"
"bb8eff4a0a9e231d8805efd5b8071f8b2bdce9a3cdfd784e8ba6ede378b449d5","4","isAsleep"
"bb8eff4a0a9e231d8805efd5b8071f8b2bdce9a3cdfd784e8ba6ede378b449d5","5","isMorning AND isMom"
"bb8eff4a0a9e231d8805efd5b8071f8b2bdce9a3cdfd784e8ba6ede378b449d5","6","returns true"
"bb8eff4a0a9e231d8805efd5b8071f8b2bdce9a3cdfd784e8ba6ede378b449d5","7","returns true"
"d0665640e7ef5c9661df016c7c61a52409ccc2333f64ab7d1f5a70023a289f30","0","before answerCell"
"d0665640e7ef5c9661df016c7c61a52409ccc2333f64ab7d1f5a70023a289f30","1","after answerCell"
"d0665640e7ef5c9661df016c7c61a52409ccc2333f64ab7d1f5a70023a289f30","2","answerCell"
"d0665640e7ef5c9661df016c7c61a52409ccc2333f64ab7d1f5a70023a289f30","3","returns false"
"d0665640e7ef5c9661df016c7c61a52409ccc2333f64ab7d1f5a70023a289f30","4","isAsleep"
"d0665640e7ef5c9661df016c7c61a52409ccc2333f64ab7d1f5a70023a289f30","5","isMorning AND isMom"
"d0665640e7ef5c9661df016c7c61a52409ccc2333f64ab7d1f5a70023a289f30","6","isMorning"
"d0665640e7ef5c9661df016c7c61a52409ccc2333f64ab7d1f5a70023a289f30","7","returns true"
"d0665640e7ef5c9661df016c7c61a52409ccc2333f64ab7d1f5a70023a289f30","8","returns false"
"d0665640e7ef5c9661df016c7c61a52409ccc2333f64ab7d1f5a70023a289f30","9","returns true"
"35b2dd69c7a67204014dd2a277390fb55481d3a8c35682080ffd314e3b5f7091","0","before love6"
"35b2dd69c7a67204014dd2a277390fb55481d3a8c35682080ffd314e3b5f7091","1","after love6"
"35b2dd69c7a67204014dd2a277390fb55481d3a8c35682080ffd314e3b5f7091","2","love6"
"35b2dd69c7a67204014dd2a277390fb55481d3a8c35682080ffd314e3b5f7091","3","a PLUS b EQUALS 6"
"35b2dd69c7a67204014dd2a277390fb55481d3a8c35682080ffd314e3b5f7091","4","returns true"
"35b2dd69c7a67204014dd2a277390fb55481d3a8c35682080ffd314e3b5f7091","5","a MINUS b EQUALS 6"
"35b2dd69c7a67204014dd2a277390fb55481d3a8c35682080ffd314e3b5f7091","6","returns true"
"35b2dd69c7a67204014dd2a277390fb55481d3a8c35682080ffd314e3b5f7091","7","a EQUALS 6 OR b EQUALS 6"
"35b2dd69c7a67204014dd2a277390fb55481d3a8c35682080ffd314e3b5f7091","8","returns false"
"35b2dd69c7a67204014dd2a277390fb55481d3a8c35682080ffd314e3b5f7091","9","returns true"
"d1b94ac66ec48e4d1caab405001e696168bb0216e773f95b95d22ddf4cef404d","0","before love6"
"d1b94ac66ec48e4d1caab405001e696168bb0216e773f95b95d22ddf4cef404d","1","after love6"
"d1b94ac66ec48e4d1caab405001e696168bb0216e773f95b95d22ddf4cef404d","2","love6"
"d1b94ac66ec48e4d1caab405001e696168bb0216e773f95b95d22ddf4cef404d","3","a PLUS b EQUALS 6"
"d1b94ac66ec48e4d1caab405001e696168bb0216e773f95b95d22ddf4cef404d","4","returns true"
"d1b94ac66ec48e4d1caab405001e696168bb0216e773f95b95d22ddf4cef404d","5","a MINUS b EQUALS 6"
"d1b94ac66ec48e4d1caab405001e696168bb0216e773f95b95d22ddf4cef404d","6","returns true"
"d1b94ac66ec48e4d1caab405001e696168bb0216e773f95b95d22ddf4cef404d","7","a MINUS b EQUALS 6"
"d1b94ac66ec48e4d1caab405001e696168bb0216e773f95b95d22ddf4cef404d","8","returns true"
"d1b94ac66ec48e4d1caab405001e696168bb0216e773f95b95d22ddf4cef404d","9","a EQUALS 6 OR b EQUALS 6"
"d1b94ac66ec48e4d1caab405001e696168bb0216e773f95b95d22ddf4cef404d","10","returns false"
"d1b94ac66ec48e4d1caab405001e696168bb0216e773f95b95d22ddf4cef404d","11","returns true"
"f4500b55bb0eefa6944d221f8c44571568fcb96918d8116d95688ec2cb0b9428","0","before love6"
"f4500b55bb0eefa6944d221f8c44571568fcb96918d8116d95688ec2cb0b9428","1","after love6"
"f4500b55bb0eefa6944d221f8c44571568fcb96918d8116d95688ec2cb0b9428","2","love6"
"f4500b55bb0eefa6944d221f8c44571568fcb96918d8116d95688ec2cb0b9428","3","a PLUS b EQUALS 6"
"f4500b55bb0eefa6944d221f8c44571568fcb96918d8116d95688ec2cb0b9428","4","returns true"
"f4500b55bb0eefa6944d221f8c44571568fcb96918d8116d95688ec2cb0b9428","5","a MINUS b EQUALS 6"
"f4500b55bb0eefa6944d221f8c44571568fcb96918d8116d95688ec2cb0b9428","6","returns true"
"f4500b55bb0eefa6944d221f8c44571568fcb96918d8116d95688ec2cb0b9428","7","b MINUS a EQUALS 6"
"f4500b55bb0eefa6944d221f8c44571568fcb96918d8116d95688ec2cb0b9428","8","returns true"
"f4500b55bb0eefa6944d221f8c44571568fcb96918d8116d95688ec2cb0b9428","9","a EQUALS 6 OR b EQUALS 6"
"f4500b55bb0eefa6944d221f8c44571568fcb96918d8116d95688ec2cb0b9428","10","returns false"
"f4500b55bb0eefa6944d221f8c44571568fcb96918d8116d95688ec2cb0b9428","11","returns true"
"4b43b08fd54467a2d1c5914c714707758130815151ad2257788882635b003d8d","0","before greenTicket"
"4b43b08fd54467a2d1c5914c714707758130815151ad2257788882635b003d8d","1","after greenTicket"
"4b43b08fd54467a2d1c5914c714707758130815151ad2257788882635b003d8d","2","greenTicket"
"4b43b08fd54467a2d1c5914c714707758130815151ad2257788882635b003d8d","3","a EQUALS b"
"4b43b08fd54467a2d1c5914c714707758130815151ad2257788882635b003d8d","4","returns 10"
"4b43b08fd54467a2d1c5914c714707758130815151ad2257788882635b003d8d","5","b EQUALS c"
"4b43b08fd54467a2d1c5914c714707758130815151ad2257788882635b003d8d","6","returns 10"
"4b43b08fd54467a2d1c5914c714707758130815151ad2257788882635b003d8d","7","c EQUALS a"
"4b43b08fd54467a2d1c5914c714707758130815151ad2257788882635b003d8d","8","returns 20"
"4b43b08fd54467a2d1c5914c714707758130815151ad2257788882635b003d8d","9","returns 10"
"3c07427ed8ce9c14a3e0985201b7a46ed850f06738af1d62cff5e47804531f92","0","before greenTicket"
"3c07427ed8ce9c14a3e0985201b7a46ed850f06738af1d62cff5e47804531f92","1","after greenTicket"
"3c07427ed8ce9c14a3e0985201b7a46ed850f06738af1d62cff5e47804531f92","2","greenTicket"
"3c07427ed8ce9c14a3e0985201b7a46ed850f06738af1d62cff5e47804531f92","3","a EQUALS b AND b EQUALS c"
"3c07427ed8ce9c14a3e0985201b7a46ed850f06738af1d62cff5e47804531f92","4","returns 0"
"3c07427ed8ce9c14a3e0985201b7a46ed850f06738af1d62cff5e47804531f92","5","b EQUALS c AND c EQUALS a"
"3c07427ed8ce9c14a3e0985201b7a46ed850f06738af1d62cff5e47804531f92","6","returns 0"
"3c07427ed8ce9c14a3e0985201b7a46ed850f06738af1d62cff5e47804531f92","7","a EQUALS b"
"3c07427ed8ce9c14a3e0985201b7a46ed850f06738af1d62cff5e47804531f92","8","returns 10"
"3c07427ed8ce9c14a3e0985201b7a46ed850f06738af1d62cff5e47804531f92","9","b EQUALS c"
"3c07427ed8ce9c14a3e0985201b7a46ed850f06738af1d62cff5e47804531f92","10","returns 10"
"3c07427ed8ce9c14a3e0985201b7a46ed850f06738af1d62cff5e47804531f92","11","c EQUALS a"
"3c07427ed8ce9c14a3e0985201b7a46ed850f06738af1d62cff5e47804531f92","12","returns 20"
"3c07427ed8ce9c14a3e0985201b7a46ed850f06738af1d62cff5e47804531f92","13","returns 10"
"acd737d0c5df89e2b7cdbaed32bc8a73c9c7a64a82fa845224b34af3c2c576bc","0","before greenTicket"
"acd737d0c5df89e2b7cdbaed32bc8a73c9c7a64a82fa845224b34af3c2c576bc","1","after greenTicket"
"acd737d0c5df89e2b7cdbaed32bc8a73c9c7a64a82fa845224b34af3c2c576bc","2","greenTicket"
"acd737d0c5df89e2b7cdbaed32bc8a73c9c7a64a82fa845224b34af3c2c576bc","3","a EQUALS b AND b EQUALS c AND c EQUALS a"
"acd737d0c5df89e2b7cdbaed32bc8a73c9c7a64a82fa845224b34af3c2c576bc","4","returns 0"
"acd737d0c5df89e2b7cdbaed32bc8a73c9c7a64a82fa845224b34af3c2c576bc","5","a EQUALS b"
"acd737d0c5df89e2b7cdbaed32bc8a73c9c7a64a82fa845224b34af3c2c576bc","6","returns 10"
"acd737d0c5df89e2b7cdbaed32bc8a73c9c7a64a82fa845224b34af3c2c576bc","7","b EQUALS c"
"acd737d0c5df89e2b7cdbaed32bc8a73c9c7a64a82fa845224b34af3c2c576bc","8","returns 10"
"acd737d0c5df89e2b7cdbaed32bc8a73c9c7a64a82fa845224b34af3c2c576bc","9","c EQUALS a"
"acd737d0c5df89e2b7cdbaed32bc8a73c9c7a64a82fa845224b34af3c2c576bc","10","returns 20"
"acd737d0c5df89e2b7cdbaed32bc8a73c9c7a64a82fa845224b34af3c2c576bc","11","returns 10"
"9dfd5d7d6ee3dde9fec53b6bd8f36dbc31109c3973d01e7717f867ee9bd5a190","0","before greenTicket"
"9dfd5d7d6ee3dde9fec53b6bd8f36dbc31109c3973d01e7717f867ee9bd5a190","1","after greenTicket"
"9dfd5d7d6ee3dde9fec53b6bd8f36dbc31109c3973d01e7717f867ee9bd5a190","2","greenTicket"
"9dfd5d7d6ee3dde9fec53b6bd8f36dbc31109c3973d01e7717f867ee9bd5a190","3","a EQUALS b"
"9dfd5d7d6ee3dde9fec53b6bd8f36dbc31109c3973d01e7717f867ee9bd5a190","4","returns 10"
"9dfd5d7d6ee3dde9fec53b6bd8f36dbc31109c3973d01e7717f867ee9bd5a190","5","b EQUALS c"
"9dfd5d7d6ee3dde9fec53b6bd8f36dbc31109c3973d01e7717f867ee9bd5a190","6","returns 10"
"9dfd5d7d6ee3dde9fec53b6bd8f36dbc31109c3973d01e7717f867ee9bd5a190","7","c EQUALS a"
"9dfd5d7d6ee3dde9fec53b6bd8f36dbc31109c3973d01e7717f867ee9bd5a190","8","returns 10"
"9dfd5d7d6ee3dde9fec53b6bd8f36dbc31109c3973d01e7717f867ee9bd5a190","9","a EQUALS b AND b EQUALS c AND c EQUALS a"
"9dfd5d7d6ee3dde9fec53b6bd8f36dbc31109c3973d01e7717f867ee9bd5a190","10","returns 20"
"9dfd5d7d6ee3dde9fec53b6bd8f36dbc31109c3973d01e7717f867ee9bd5a190","11","returns 0"
"2e2af35d1a3aff2b0b01ab0bcaa3084e376de59ae9e11d80e125a7f2617778cb","0","before greenTicket"
"2e2af35d1a3aff2b0b01ab0bcaa3084e376de59ae9e11d80e125a7f2617778cb","1","after greenTicket"
"2e2af35d1a3aff2b0b01ab0bcaa3084e376de59ae9e11d80e125a7f2617778cb","2","greenTicket"
"2e2af35d1a3aff2b0b01ab0bcaa3084e376de59ae9e11d80e125a7f2617778cb","3","a EQUALS b OR b EQUALS c OR c EQUALS a"
"2e2af35d1a3aff2b0b01ab0bcaa3084e376de59ae9e11d80e125a7f2617778cb","4","returns 10"
"2e2af35d1a3aff2b0b01ab0bcaa3084e376de59ae9e11d80e125a7f2617778cb","5","a EQUALS b AND b EQUALS c AND c EQUALS a"
"2e2af35d1a3aff2b0b01ab0bcaa3084e376de59ae9e11d80e125a7f2617778cb","6","returns 20"
"2e2af35d1a3aff2b0b01ab0bcaa3084e376de59ae9e11d80e125a7f2617778cb","7","returns 0"
"b3f1f14dda18c8204d1b4e80f43cf788ee8d5d5058e5d23383fb9b6389db5a92","0","before greenTicket"
"b3f1f14dda18c8204d1b4e80f43cf788ee8d5d5058e5d23383fb9b6389db5a92","1","after greenTicket"
"b3f1f14dda18c8204d1b4e80f43cf788ee8d5d5058e5d23383fb9b6389db5a92","2","greenTicket"
"b3f1f14dda18c8204d1b4e80f43cf788ee8d5d5058e5d23383fb9b6389db5a92","3","a EQUALS b OR b EQUALS c OR c EQUALS a"
"b3f1f14dda18c8204d1b4e80f43cf788ee8d5d5058e5d23383fb9b6389db5a92","4","returns 10"
"b3f1f14dda18c8204d1b4e80f43cf788ee8d5d5058e5d23383fb9b6389db5a92","5","a EQUALS b AND b EQUALS c AND c EQUALS a"
"b3f1f14dda18c8204d1b4e80f43cf788ee8d5d5058e5d23383fb9b6389db5a92","6","returns 0"
"b3f1f14dda18c8204d1b4e80f43cf788ee8d5d5058e5d23383fb9b6389db5a92","7","returns 20"
"8d9de64ee8c663a0572729c5053b172a9ea825097c5ef7d79bec183e0f093d80","0","before greenTicket"
"8d9de64ee8c663a0572729c5053b172a9ea825097c5ef7d79bec183e0f093d80","1","after greenTicket"
"8d9de64ee8c663a0572729c5053b172a9ea825097c5ef7d79bec183e0f093d80","2","greenTicket"
"8d9de64ee8c663a0572729c5053b172a9ea825097c5ef7d79bec183e0f093d80","3","a EQUALS b AND ran LOGICAL_COMPLEMENT on (b EQUALS c)"
"8d9de64ee8c663a0572729c5053b172a9ea825097c5ef7d79bec183e0f093d80","4","returns 10"
"8d9de64ee8c663a0572729c5053b172a9ea825097c5ef7d79bec183e0f093d80","5","a EQUALS b AND ran LOGICAL_COMPLEMENT on (a EQUALS c)"
"8d9de64ee8c663a0572729c5053b172a9ea825097c5ef7d79bec183e0f093d80","6","returns 10"
"8d9de64ee8c663a0572729c5053b172a9ea825097c5ef7d79bec183e0f093d80","7","a EQUALS b AND b EQUALS c AND c EQUALS a"
"8d9de64ee8c663a0572729c5053b172a9ea825097c5ef7d79bec183e0f093d80","8","returns 0"
"8d9de64ee8c663a0572729c5053b172a9ea825097c5ef7d79bec183e0f093d80","9","returns 20"
"ec3cd26a06fa009f5c0d532bef4afd91e3c44d27eec6314da7480825d9874f3d","0","before greenTicket"
"ec3cd26a06fa009f5c0d532bef4afd91e3c44d27eec6314da7480825d9874f3d","1","after greenTicket"
"ec3cd26a06fa009f5c0d532bef4afd91e3c44d27eec6314da7480825d9874f3d","2","greenTicket"
"ec3cd26a06fa009f5c0d532bef4afd91e3c44d27eec6314da7480825d9874f3d","3","a EQUALS b AND ran LOGICAL_COMPLEMENT on (b EQUALS c)"
"ec3cd26a06fa009f5c0d532bef4afd91e3c44d27eec6314da7480825d9874f3d","4","returns 10"
"ec3cd26a06fa009f5c0d532bef4afd91e3c44d27eec6314da7480825d9874f3d","5","b EQUALS c AND ran LOGICAL_COMPLEMENT on (c EQUALS a)"
"ec3cd26a06fa009f5c0d532bef4afd91e3c44d27eec6314da7480825d9874f3d","6","returns 10"
"ec3cd26a06fa009f5c0d532bef4afd91e3c44d27eec6314da7480825d9874f3d","7","c EQUALS a AND ran LOGICAL_COMPLEMENT on (a EQUALS b)"
"ec3cd26a06fa009f5c0d532bef4afd91e3c44d27eec6314da7480825d9874f3d","8","returns 10"
"ec3cd26a06fa009f5c0d532bef4afd91e3c44d27eec6314da7480825d9874f3d","9","a EQUALS b AND b EQUALS c AND c EQUALS a"
"ec3cd26a06fa009f5c0d532bef4afd91e3c44d27eec6314da7480825d9874f3d","10","returns 0"
"ec3cd26a06fa009f5c0d532bef4afd91e3c44d27eec6314da7480825d9874f3d","11","returns 20"
"b8d0b7120e87368f52fbfe3acca46d2d8b907cbec34853a7e1d5cd371a6ef1db","0","before in1To10"
"b8d0b7120e87368f52fbfe3acca46d2d8b907cbec34853a7e1d5cd371a6ef1db","1","after in1To10"
"b8d0b7120e87368f52fbfe3acca46d2d8b907cbec34853a7e1d5cd371a6ef1db","2","in1To10"
"b8d0b7120e87368f52fbfe3acca46d2d8b907cbec34853a7e1d5cd371a6ef1db","3","returns false"
"b8d0b7120e87368f52fbfe3acca46d2d8b907cbec34853a7e1d5cd371a6ef1db","4","outsideMode"
"b8d0b7120e87368f52fbfe3acca46d2d8b907cbec34853a7e1d5cd371a6ef1db","5","n LESS_EQUALS 1 OR n GREATER_EQUALS 10"
"b8d0b7120e87368f52fbfe3acca46d2d8b907cbec34853a7e1d5cd371a6ef1db","6","n GREATER_EQUALS 1 AND n LESS_EQUALS 10"
"b8d0b7120e87368f52fbfe3acca46d2d8b907cbec34853a7e1d5cd371a6ef1db","7","returns false"
"b8d0b7120e87368f52fbfe3acca46d2d8b907cbec34853a7e1d5cd371a6ef1db","8","returns true"
"b8d0b7120e87368f52fbfe3acca46d2d8b907cbec34853a7e1d5cd371a6ef1db","9","returns true"
"13a386bbb0a686bcec2216b82c6555ae782626ed6c65fddae8987ca875410989","0","before in1To10"
"13a386bbb0a686bcec2216b82c6555ae782626ed6c65fddae8987ca875410989","1","after in1To10"
"13a386bbb0a686bcec2216b82c6555ae782626ed6c65fddae8987ca875410989","2","in1To10"
"13a386bbb0a686bcec2216b82c6555ae782626ed6c65fddae8987ca875410989","3","returns false"
"13a386bbb0a686bcec2216b82c6555ae782626ed6c65fddae8987ca875410989","4","outsideMode"
"13a386bbb0a686bcec2216b82c6555ae782626ed6c65fddae8987ca875410989","5","n LESS_EQUALS 1 OR n GREATER_EQUALS 10"
"13a386bbb0a686bcec2216b82c6555ae782626ed6c65fddae8987ca875410989","6","n GREATER_EQUALS 1 AND n LESS_EQUALS 10"
"13a386bbb0a686bcec2216b82c6555ae782626ed6c65fddae8987ca875410989","7","returns true"
"13a386bbb0a686bcec2216b82c6555ae782626ed6c65fddae8987ca875410989","8","returns true"
"a318ba0e195766157af6ad28513fae0d19b2707a759aa1e70e752950c04bca1e","0","before in1To10"
"a318ba0e195766157af6ad28513fae0d19b2707a759aa1e70e752950c04bca1e","1","after in1To10"
"a318ba0e195766157af6ad28513fae0d19b2707a759aa1e70e752950c04bca1e","2","in1To10"
"a318ba0e195766157af6ad28513fae0d19b2707a759aa1e70e752950c04bca1e","3","outsideMode"
"a318ba0e195766157af6ad28513fae0d19b2707a759aa1e70e752950c04bca1e","4","n LESS_EQUALS 1 OR n GREATER_EQUALS 10"
"a318ba0e195766157af6ad28513fae0d19b2707a759aa1e70e752950c04bca1e","5","returns false"
"a318ba0e195766157af6ad28513fae0d19b2707a759aa1e70e752950c04bca1e","6","returns true"
"a318ba0e195766157af6ad28513fae0d19b2707a759aa1e70e752950c04bca1e","7","n GREATER_EQUALS 1 AND n LESS_EQUALS 10"
"a318ba0e195766157af6ad28513fae0d19b2707a759aa1e70e752950c04bca1e","8","returns false"
"a318ba0e195766157af6ad28513fae0d19b2707a759aa1e70e752950c04bca1e","9","returns true"
"774a97145b094b83a5ba7b3d24ff472953ade012e225cef761b98da25262398e","0","before sortaSum"
"774a97145b094b83a5ba7b3d24ff472953ade012e225cef761b98da25262398e","1","after sortaSum"
"774a97145b094b83a5ba7b3d24ff472953ade012e225cef761b98da25262398e","2","sortaSum"
"774a97145b094b83a5ba7b3d24ff472953ade012e225cef761b98da25262398e","3","(a PLUS b) GREATER_EQUALS 10 AND (a PLUS b) LESS_EQUALS 19"
"774a97145b094b83a5ba7b3d24ff472953ade012e225cef761b98da25262398e","4","returns (a PLUS b)"
"774a97145b094b83a5ba7b3d24ff472953ade012e225cef761b98da25262398e","5","returns 20"
"d474695e6fd267753d698571b781983188f14458495ff1e8f023637098557d74","0","before caughtSpeeding"
"d474695e6fd267753d698571b781983188f14458495ff1e8f023637098557d74","1","after caughtSpeeding"
"d474695e6fd267753d698571b781983188f14458495ff1e8f023637098557d74","2","caughtSpeeding"
"d474695e6fd267753d698571b781983188f14458495ff1e8f023637098557d74","3","isBirthday"
"d474695e6fd267753d698571b781983188f14458495ff1e8f023637098557d74","4","speed LESS_EQUALS 60"
"d474695e6fd267753d698571b781983188f14458495ff1e8f023637098557d74","5","speed GREATER 60 AND speed LESS_EQUALS 80"
"d474695e6fd267753d698571b781983188f14458495ff1e8f023637098557d74","6","returns 2"
"d474695e6fd267753d698571b781983188f14458495ff1e8f023637098557d74","7","returns 1"
"d474695e6fd267753d698571b781983188f14458495ff1e8f023637098557d74","8","returns 0"
"d474695e6fd267753d698571b781983188f14458495ff1e8f023637098557d74","9","speed LESS_EQUALS 65"
"d474695e6fd267753d698571b781983188f14458495ff1e8f023637098557d74","10","speed GREATER 65 AND speed LESS_EQUALS 85"
"d474695e6fd267753d698571b781983188f14458495ff1e8f023637098557d74","11","returns 2"
"d474695e6fd267753d698571b781983188f14458495ff1e8f023637098557d74","12","returns 1"
"d474695e6fd267753d698571b781983188f14458495ff1e8f023637098557d74","13","returns 0"
"08b17e6cb395c550f88c270146078083d3d73cf7d222386ec573e1f89094cf7e","0","before alarmClock"
"08b17e6cb395c550f88c270146078083d3d73cf7d222386ec573e1f89094cf7e","1","after alarmClock"
"08b17e6cb395c550f88c270146078083d3d73cf7d222386ec573e1f89094cf7e","2","alarmClock"
"08b17e6cb395c550f88c270146078083d3d73cf7d222386ec573e1f89094cf7e","3","vacation"
"08b17e6cb395c550f88c270146078083d3d73cf7d222386ec573e1f89094cf7e","4","day GREATER_EQUALS 1 AND day LESS_EQUALS 5"
"08b17e6cb395c550f88c270146078083d3d73cf7d222386ec573e1f89094cf7e","5","returns 10:00"
"08b17e6cb395c550f88c270146078083d3d73cf7d222386ec573e1f89094cf7e","6","returns 7:00"
"08b17e6cb395c550f88c270146078083d3d73cf7d222386ec573e1f89094cf7e","7","day GREATER_EQUALS 1 AND day LESS_EQUALS 5"
"08b17e6cb395c550f88c270146078083d3d73cf7d222386ec573e1f89094cf7e","8","returns off"
"08b17e6cb395c550f88c270146078083d3d73cf7d222386ec573e1f89094cf7e","9","returns 10:00"
"5f1300f02fe3e4d6850619409b8dbe7dc4dd72a8f8ed757f415af9747edb761c","0","before alarmClock"
"5f1300f02fe3e4d6850619409b8dbe7dc4dd72a8f8ed757f415af9747edb761c","1","after alarmClock"
"5f1300f02fe3e4d6850619409b8dbe7dc4dd72a8f8ed757f415af9747edb761c","2","alarmClock"
"5f1300f02fe3e4d6850619409b8dbe7dc4dd72a8f8ed757f415af9747edb761c","3","vacation"
"5f1300f02fe3e4d6850619409b8dbe7dc4dd72a8f8ed757f415af9747edb761c","4","day GREATER_EQUALS 1 AND day LESS_EQUALS 5"
"5f1300f02fe3e4d6850619409b8dbe7dc4dd72a8f8ed757f415af9747edb761c","5","returns 10:00"
"5f1300f02fe3e4d6850619409b8dbe7dc4dd72a8f8ed757f415af9747edb761c","6","returns 7:00"
"5f1300f02fe3e4d6850619409b8dbe7dc4dd72a8f8ed757f415af9747edb761c","7","day GREATER_EQUALS 1 AND day LESS_EQUALS 5"
"5f1300f02fe3e4d6850619409b8dbe7dc4dd72a8f8ed757f415af9747edb761c","8","returns off"
"5f1300f02fe3e4d6850619409b8dbe7dc4dd72a8f8ed757f415af9747edb761c","9","returns 10:00"
"db0ac9988c554abc18e8459b201cad53cfce63b3ed03c376c2c964eebfd5e9bc","0","before dateFashion"
"db0ac9988c554abc18e8459b201cad53cfce63b3ed03c376c2c964eebfd5e9bc","1","after dateFashion"
"db0ac9988c554abc18e8459b201cad53cfce63b3ed03c376c2c964eebfd5e9bc","2","dateFashion"
"db0ac9988c554abc18e8459b201cad53cfce63b3ed03c376c2c964eebfd5e9bc","3","you GREATER_EQUALS 8 OR date GREATER_EQUALS 8"
"db0ac9988c554abc18e8459b201cad53cfce63b3ed03c376c2c964eebfd5e9bc","4","you LESS_EQUALS 2 OR date LESS_EQUALS 2"
"db0ac9988c554abc18e8459b201cad53cfce63b3ed03c376c2c964eebfd5e9bc","5","returns 1"
"db0ac9988c554abc18e8459b201cad53cfce63b3ed03c376c2c964eebfd5e9bc","6","returns 0"
"db0ac9988c554abc18e8459b201cad53cfce63b3ed03c376c2c964eebfd5e9bc","7","returns 2"
"653b9bc7b5b9949f1d4d434771dfa40589d71ed8b270856c8202812aa555db5c","0","before dateFashion"
"653b9bc7b5b9949f1d4d434771dfa40589d71ed8b270856c8202812aa555db5c","1","after dateFashion"
"653b9bc7b5b9949f1d4d434771dfa40589d71ed8b270856c8202812aa555db5c","2","dateFashion"
"653b9bc7b5b9949f1d4d434771dfa40589d71ed8b270856c8202812aa555db5c","3","you LESS_EQUALS 2 OR date LESS_EQUALS 2"
"653b9bc7b5b9949f1d4d434771dfa40589d71ed8b270856c8202812aa555db5c","4","you LESS_EQUALS 8 OR date LESS_EQUALS 8"
"653b9bc7b5b9949f1d4d434771dfa40589d71ed8b270856c8202812aa555db5c","5","returns 1"
"653b9bc7b5b9949f1d4d434771dfa40589d71ed8b270856c8202812aa555db5c","6","returns 2"
"653b9bc7b5b9949f1d4d434771dfa40589d71ed8b270856c8202812aa555db5c","7","returns 0"
"6a0fa68ed942b84805bc4b9d7797eb5bce6a22137191fe3f3c852ab3b5fd1dfa","0","before dateFashion"
"6a0fa68ed942b84805bc4b9d7797eb5bce6a22137191fe3f3c852ab3b5fd1dfa","1","after dateFashion"
"6a0fa68ed942b84805bc4b9d7797eb5bce6a22137191fe3f3c852ab3b5fd1dfa","2","dateFashion"
"6a0fa68ed942b84805bc4b9d7797eb5bce6a22137191fe3f3c852ab3b5fd1dfa","3","you LESS_EQUALS 2 OR date LESS_EQUALS 2"
"6a0fa68ed942b84805bc4b9d7797eb5bce6a22137191fe3f3c852ab3b5fd1dfa","4","you GREATER_EQUALS 8 OR date GREATER_EQUALS 8"
"6a0fa68ed942b84805bc4b9d7797eb5bce6a22137191fe3f3c852ab3b5fd1dfa","5","returns 1"
"6a0fa68ed942b84805bc4b9d7797eb5bce6a22137191fe3f3c852ab3b5fd1dfa","6","returns 2"
"6a0fa68ed942b84805bc4b9d7797eb5bce6a22137191fe3f3c852ab3b5fd1dfa","7","returns 0"
"6ec87cecd0b1a0a670692b4105da476dff996d97642e36f01fa84a899e76f42d","0","before cigarParty"
"6ec87cecd0b1a0a670692b4105da476dff996d97642e36f01fa84a899e76f42d","1","after cigarParty"
"6ec87cecd0b1a0a670692b4105da476dff996d97642e36f01fa84a899e76f42d","2","cigarParty"
"6ec87cecd0b1a0a670692b4105da476dff996d97642e36f01fa84a899e76f42d","3","isWeekend"
"6ec87cecd0b1a0a670692b4105da476dff996d97642e36f01fa84a899e76f42d","4","returns false"
"6ec87cecd0b1a0a670692b4105da476dff996d97642e36f01fa84a899e76f42d","5","cigars GREATER_EQUALS 40 AND cigars LESS_EQUALS 60"
"6ec87cecd0b1a0a670692b4105da476dff996d97642e36f01fa84a899e76f42d","6","returns true"
"6ec87cecd0b1a0a670692b4105da476dff996d97642e36f01fa84a899e76f42d","7","returns false"
"6ec87cecd0b1a0a670692b4105da476dff996d97642e36f01fa84a899e76f42d","8","cigars GREATER_EQUALS 40"
"6ec87cecd0b1a0a670692b4105da476dff996d97642e36f01fa84a899e76f42d","9","returns true"
"c764d97a4b449b2fff8231cd7f0dd8d4e810d33826018980837a563e1c665265","0","before greenTicket"
"c764d97a4b449b2fff8231cd7f0dd8d4e810d33826018980837a563e1c665265","1","after greenTicket"
"c764d97a4b449b2fff8231cd7f0dd8d4e810d33826018980837a563e1c665265","2","greenTicket"
"c764d97a4b449b2fff8231cd7f0dd8d4e810d33826018980837a563e1c665265","3","a EQUALS b AND b EQUALS c"
"c764d97a4b449b2fff8231cd7f0dd8d4e810d33826018980837a563e1c665265","4","a NOT_EQUALS b AND b NOT_EQUALS c AND c NOT_EQUALS a"
"c764d97a4b449b2fff8231cd7f0dd8d4e810d33826018980837a563e1c665265","5","returns 10"
"c764d97a4b449b2fff8231cd7f0dd8d4e810d33826018980837a563e1c665265","6","returns 0"
"c764d97a4b449b2fff8231cd7f0dd8d4e810d33826018980837a563e1c665265","7","returns 20"
"8e12bda867bb12920a528985b93fd49fc0de52cb9d7b080dc3d75313b79e92b5","0","before answerCell"
"8e12bda867bb12920a528985b93fd49fc0de52cb9d7b080dc3d75313b79e92b5","1","after answerCell"
"8e12bda867bb12920a528985b93fd49fc0de52cb9d7b080dc3d75313b79e92b5","2","answerCell"
"8e12bda867bb12920a528985b93fd49fc0de52cb9d7b080dc3d75313b79e92b5","3","isAsleep"
"8e12bda867bb12920a528985b93fd49fc0de52cb9d7b080dc3d75313b79e92b5","4","isMorning"
"8e12bda867bb12920a528985b93fd49fc0de52cb9d7b080dc3d75313b79e92b5","5","returns true"
"8e12bda867bb12920a528985b93fd49fc0de52cb9d7b080dc3d75313b79e92b5","6","returns false"
"8e12bda867bb12920a528985b93fd49fc0de52cb9d7b080dc3d75313b79e92b5","7","isMom"
"8e12bda867bb12920a528985b93fd49fc0de52cb9d7b080dc3d75313b79e92b5","8","returns true"
"8e12bda867bb12920a528985b93fd49fc0de52cb9d7b080dc3d75313b79e92b5","9","returns false"
"b37760d93ec3eeece239fb40982df2d0e0b435425a69973964225b99e510071f","0","before love6"
"b37760d93ec3eeece239fb40982df2d0e0b435425a69973964225b99e510071f","1","after love6"
"b37760d93ec3eeece239fb40982df2d0e0b435425a69973964225b99e510071f","2","love6"
"b37760d93ec3eeece239fb40982df2d0e0b435425a69973964225b99e510071f","3","a EQUALS 6 OR b EQUALS 6 OR a PLUS b EQUALS 6 OR a MINUS b EQUALS 6 OR b MINUS a EQUALS 6"
"b37760d93ec3eeece239fb40982df2d0e0b435425a69973964225b99e510071f","4","returns false"
"b37760d93ec3eeece239fb40982df2d0e0b435425a69973964225b99e510071f","5","returns true"
"0c87c7c982697424696b3dd58f4504503eb64f8126e7046f0b462476b3c25d5a","0","before sortaSum"
"0c87c7c982697424696b3dd58f4504503eb64f8126e7046f0b462476b3c25d5a","1","after sortaSum"
"0c87c7c982697424696b3dd58f4504503eb64f8126e7046f0b462476b3c25d5a","2","sortaSum"
"0c87c7c982697424696b3dd58f4504503eb64f8126e7046f0b462476b3c25d5a","3","a PLUS b GREATER_EQUALS 10 AND a PLUS b LESS_EQUALS 19"
"0c87c7c982697424696b3dd58f4504503eb64f8126e7046f0b462476b3c25d5a","4","returns a PLUS b"
"0c87c7c982697424696b3dd58f4504503eb64f8126e7046f0b462476b3c25d5a","5","returns 20"
"ee3988783e1b3106d2847053786d16fece33752b28d21eb4c2b6d257abc83aaa","0","before in1To10"
"ee3988783e1b3106d2847053786d16fece33752b28d21eb4c2b6d257abc83aaa","1","after in1To10"
"ee3988783e1b3106d2847053786d16fece33752b28d21eb4c2b6d257abc83aaa","2","in1To10"
"ee3988783e1b3106d2847053786d16fece33752b28d21eb4c2b6d257abc83aaa","3","outsideMode"
"ee3988783e1b3106d2847053786d16fece33752b28d21eb4c2b6d257abc83aaa","4","returns false"
"ee3988783e1b3106d2847053786d16fece33752b28d21eb4c2b6d257abc83aaa","5","n GREATER_EQUALS 1 AND n LESS_EQUALS 10"
"ee3988783e1b3106d2847053786d16fece33752b28d21eb4c2b6d257abc83aaa","6","returns true"
"ee3988783e1b3106d2847053786d16fece33752b28d21eb4c2b6d257abc83aaa","7","returns false"
"ee3988783e1b3106d2847053786d16fece33752b28d21eb4c2b6d257abc83aaa","8","n LESS_EQUALS 1 OR n GREATER_EQUALS 10"
"ee3988783e1b3106d2847053786d16fece33752b28d21eb4c2b6d257abc83aaa","9","returns true"
"4929caf678104837bfb9e670828a73f9a22a48427cc950ab92207d8adfcc3d31","0","before squirrelPlay"
"4929caf678104837bfb9e670828a73f9a22a48427cc950ab92207d8adfcc3d31","1","after squirrelPlay"
"4929caf678104837bfb9e670828a73f9a22a48427cc950ab92207d8adfcc3d31","2","squirrelPlay"
"4929caf678104837bfb9e670828a73f9a22a48427cc950ab92207d8adfcc3d31","3","isSummer"
"4929caf678104837bfb9e670828a73f9a22a48427cc950ab92207d8adfcc3d31","4","returns false"
"4929caf678104837bfb9e670828a73f9a22a48427cc950ab92207d8adfcc3d31","5","temp GREATER_EQUALS 60 AND temp LESS_EQUALS 90"
"4929caf678104837bfb9e670828a73f9a22a48427cc950ab92207d8adfcc3d31","6","returns true"
"4929caf678104837bfb9e670828a73f9a22a48427cc950ab92207d8adfcc3d31","7","returns false"
"4929caf678104837bfb9e670828a73f9a22a48427cc950ab92207d8adfcc3d31","8","temp GREATER_EQUALS 60 AND temp LESS_EQUALS 100"
"4929caf678104837bfb9e670828a73f9a22a48427cc950ab92207d8adfcc3d31","9","returns true"
"21e47e864ebfd0ca8a98fd7a59091da2a5fd5952862e08ca7d58f964e4d28214","0","before caughtSpeeding"
"21e47e864ebfd0ca8a98fd7a59091da2a5fd5952862e08ca7d58f964e4d28214","1","after caughtSpeeding"
"21e47e864ebfd0ca8a98fd7a59091da2a5fd5952862e08ca7d58f964e4d28214","2","caughtSpeeding"
"21e47e864ebfd0ca8a98fd7a59091da2a5fd5952862e08ca7d58f964e4d28214","3","isBirthday"
"21e47e864ebfd0ca8a98fd7a59091da2a5fd5952862e08ca7d58f964e4d28214","4","assign to speed using ASSIGN operator with speed MINUS 5"
"21e47e864ebfd0ca8a98fd7a59091da2a5fd5952862e08ca7d58f964e4d28214","5","speed LESS_EQUALS 60"
"21e47e864ebfd0ca8a98fd7a59091da2a5fd5952862e08ca7d58f964e4d28214","6","speed GREATER 60 AND speed LESS_EQUALS 80"
"21e47e864ebfd0ca8a98fd7a59091da2a5fd5952862e08ca7d58f964e4d28214","7","returns 2"
"21e47e864ebfd0ca8a98fd7a59091da2a5fd5952862e08ca7d58f964e4d28214","8","returns 1"
"21e47e864ebfd0ca8a98fd7a59091da2a5fd5952862e08ca7d58f964e4d28214","9","returns 0"
"bd02f9b4998cc07e4373473310d2c967af7369cd35056c5bc54bf9b88452431a","0","before caughtSpeeding"
"bd02f9b4998cc07e4373473310d2c967af7369cd35056c5bc54bf9b88452431a","1","after caughtSpeeding"
"bd02f9b4998cc07e4373473310d2c967af7369cd35056c5bc54bf9b88452431a","2","caughtSpeeding"
"bd02f9b4998cc07e4373473310d2c967af7369cd35056c5bc54bf9b88452431a","3","isBirthday"
"bd02f9b4998cc07e4373473310d2c967af7369cd35056c5bc54bf9b88452431a","4","assign to speed using ASSIGN operator with speed MINUS 5"
"bd02f9b4998cc07e4373473310d2c967af7369cd35056c5bc54bf9b88452431a","5","speed LESS_EQUALS 60"
"bd02f9b4998cc07e4373473310d2c967af7369cd35056c5bc54bf9b88452431a","6","speed GREATER 60 AND speed LESS_EQUALS 80"
"bd02f9b4998cc07e4373473310d2c967af7369cd35056c5bc54bf9b88452431a","7","returns 2"
"bd02f9b4998cc07e4373473310d2c967af7369cd35056c5bc54bf9b88452431a","8","returns 1"
"bd02f9b4998cc07e4373473310d2c967af7369cd35056c5bc54bf9b88452431a","9","returns 0"
"d7ab55a8b0a9141445d5ac3ac5fcbf5a3ec807d1fff17cb1223979f03f73c20e","0","before alarmClock"
"d7ab55a8b0a9141445d5ac3ac5fcbf5a3ec807d1fff17cb1223979f03f73c20e","1","after alarmClock"
"d7ab55a8b0a9141445d5ac3ac5fcbf5a3ec807d1fff17cb1223979f03f73c20e","2","alarmClock"
"d7ab55a8b0a9141445d5ac3ac5fcbf5a3ec807d1fff17cb1223979f03f73c20e","3","vacation"
"d7ab55a8b0a9141445d5ac3ac5fcbf5a3ec807d1fff17cb1223979f03f73c20e","4","returns 10:00"
"d7ab55a8b0a9141445d5ac3ac5fcbf5a3ec807d1fff17cb1223979f03f73c20e","5","day GREATER_EQUALS 1 AND day LESS_EQUALS 5"
"d7ab55a8b0a9141445d5ac3ac5fcbf5a3ec807d1fff17cb1223979f03f73c20e","6","returns 7:00"
"d7ab55a8b0a9141445d5ac3ac5fcbf5a3ec807d1fff17cb1223979f03f73c20e","7","returns off"
"d7ab55a8b0a9141445d5ac3ac5fcbf5a3ec807d1fff17cb1223979f03f73c20e","8","day GREATER_EQUALS 1 AND day LESS_EQUALS 5"
"d7ab55a8b0a9141445d5ac3ac5fcbf5a3ec807d1fff17cb1223979f03f73c20e","9","returns 10:00"
"f052fc4b5c26fbdad167f1fefa26b7031cd657e91419ca8cdb44ed50f964d7a7","0","before dateFashion"
"f052fc4b5c26fbdad167f1fefa26b7031cd657e91419ca8cdb44ed50f964d7a7","1","after dateFashion"
"f052fc4b5c26fbdad167f1fefa26b7031cd657e91419ca8cdb44ed50f964d7a7","2","dateFashion"
"f052fc4b5c26fbdad167f1fefa26b7031cd657e91419ca8cdb44ed50f964d7a7","3","returns 1"
"f052fc4b5c26fbdad167f1fefa26b7031cd657e91419ca8cdb44ed50f964d7a7","4","you LESS_EQUALS 2 OR date LESS_EQUALS 2"
"f052fc4b5c26fbdad167f1fefa26b7031cd657e91419ca8cdb44ed50f964d7a7","5","you GREATER_EQUALS 8 OR date GREATER_EQUALS 8"
"f052fc4b5c26fbdad167f1fefa26b7031cd657e91419ca8cdb44ed50f964d7a7","6","returns 2"
"f052fc4b5c26fbdad167f1fefa26b7031cd657e91419ca8cdb44ed50f964d7a7","7","returns 0"
"c78c88f219c80778a084de8202832f0457c72607b478feece6a4327202a52008","0","before greenTicket"
"c78c88f219c80778a084de8202832f0457c72607b478feece6a4327202a52008","1","after greenTicket"
"c78c88f219c80778a084de8202832f0457c72607b478feece6a4327202a52008","2","greenTicket"
"c78c88f219c80778a084de8202832f0457c72607b478feece6a4327202a52008","3","returns 10"
"c78c88f219c80778a084de8202832f0457c72607b478feece6a4327202a52008","4","a EQUALS b AND b EQUALS c"
"c78c88f219c80778a084de8202832f0457c72607b478feece6a4327202a52008","5","a NOT_EQUALS b AND b NOT_EQUALS c AND c NOT_EQUALS a"
"c78c88f219c80778a084de8202832f0457c72607b478feece6a4327202a52008","6","returns 0"
"c78c88f219c80778a084de8202832f0457c72607b478feece6a4327202a52008","7","returns 20"
"7ee0127687c4ca577284af661f800b27046c0e2f5d9a468b9d1473dfd06c52b0","0","before caughtSpeeding"
"7ee0127687c4ca577284af661f800b27046c0e2f5d9a468b9d1473dfd06c52b0","1","after caughtSpeeding"
"7ee0127687c4ca577284af661f800b27046c0e2f5d9a468b9d1473dfd06c52b0","2","caughtSpeeding"
"7ee0127687c4ca577284af661f800b27046c0e2f5d9a468b9d1473dfd06c52b0","3","declared variable(s) mod = 0"
"7ee0127687c4ca577284af661f800b27046c0e2f5d9a468b9d1473dfd06c52b0","4","isBirthday"
"7ee0127687c4ca577284af661f800b27046c0e2f5d9a468b9d1473dfd06c52b0","5","assign to mod using ASSIGN operator with 5"
"7ee0127687c4ca577284af661f800b27046c0e2f5d9a468b9d1473dfd06c52b0","6","speed LESS_EQUALS 60 PLUS mod"
"7ee0127687c4ca577284af661f800b27046c0e2f5d9a468b9d1473dfd06c52b0","7","speed LESS_EQUALS 80 PLUS mod"
"7ee0127687c4ca577284af661f800b27046c0e2f5d9a468b9d1473dfd06c52b0","8","returns 2"
"7ee0127687c4ca577284af661f800b27046c0e2f5d9a468b9d1473dfd06c52b0","9","returns 1"
"7ee0127687c4ca577284af661f800b27046c0e2f5d9a468b9d1473dfd06c52b0","10","returns 0"
"c85e399b29468d4d5b40ad34f23408dba4db57c70711437b6c9decb8dbcba3cb","0","before alarmClock"
"c85e399b29468d4d5b40ad34f23408dba4db57c70711437b6c9decb8dbcba3cb","1","after alarmClock"
"c85e399b29468d4d5b40ad34f23408dba4db57c70711437b6c9decb8dbcba3cb","2","alarmClock"
"c85e399b29468d4d5b40ad34f23408dba4db57c70711437b6c9decb8dbcba3cb","3","vacation"
"c85e399b29468d4d5b40ad34f23408dba4db57c70711437b6c9decb8dbcba3cb","4","day GREATER 0 AND day LESS 6"
"c85e399b29468d4d5b40ad34f23408dba4db57c70711437b6c9decb8dbcba3cb","5","returns 10:00"
"c85e399b29468d4d5b40ad34f23408dba4db57c70711437b6c9decb8dbcba3cb","6","returns 7:00"
"c85e399b29468d4d5b40ad34f23408dba4db57c70711437b6c9decb8dbcba3cb","7","day GREATER 0 AND day LESS 6"
"c85e399b29468d4d5b40ad34f23408dba4db57c70711437b6c9decb8dbcba3cb","8","returns off"
"c85e399b29468d4d5b40ad34f23408dba4db57c70711437b6c9decb8dbcba3cb","9","returns 10:00"
"f193134f0c30e560fcff2c32b929a23d181be5372258a19519f4827878e0059d","0","before dateFashion"
"f193134f0c30e560fcff2c32b929a23d181be5372258a19519f4827878e0059d","1","after dateFashion"
"f193134f0c30e560fcff2c32b929a23d181be5372258a19519f4827878e0059d","2","dateFashion"
"f193134f0c30e560fcff2c32b929a23d181be5372258a19519f4827878e0059d","3","you LESS_EQUALS 2 OR date LESS_EQUALS 2"
"f193134f0c30e560fcff2c32b929a23d181be5372258a19519f4827878e0059d","4","you GREATER_EQUALS 8 OR date GREATER_EQUALS 8"
"f193134f0c30e560fcff2c32b929a23d181be5372258a19519f4827878e0059d","5","returns 1"
"f193134f0c30e560fcff2c32b929a23d181be5372258a19519f4827878e0059d","6","returns 2"
"f193134f0c30e560fcff2c32b929a23d181be5372258a19519f4827878e0059d","7","returns 0"
"ec8c468657e397eb056976724e478d259b6d825fd6a5356bca705e92442bc56c","0","before cigarParty"
"ec8c468657e397eb056976724e478d259b6d825fd6a5356bca705e92442bc56c","1","after cigarParty"
"ec8c468657e397eb056976724e478d259b6d825fd6a5356bca705e92442bc56c","2","cigarParty"
"ec8c468657e397eb056976724e478d259b6d825fd6a5356bca705e92442bc56c","3","isWeekend AND cigars GREATER_EQUALS 40"
"ec8c468657e397eb056976724e478d259b6d825fd6a5356bca705e92442bc56c","4","isWeekend AND cigars LESS_EQUALS 40"
"ec8c468657e397eb056976724e478d259b6d825fd6a5356bca705e92442bc56c","5","ran LOGICAL_COMPLEMENT on isWeekend AND cigars LESS_EQUALS 60 AND cigars GREATER_EQUALS 40"
"ec8c468657e397eb056976724e478d259b6d825fd6a5356bca705e92442bc56c","6","returns false"
"ec8c468657e397eb056976724e478d259b6d825fd6a5356bca705e92442bc56c","7","returns true"
"ec8c468657e397eb056976724e478d259b6d825fd6a5356bca705e92442bc56c","8","returns false"
"ec8c468657e397eb056976724e478d259b6d825fd6a5356bca705e92442bc56c","9","returns true"
"5cde56a815e33c215322101ce24826371a093310eaa9a3230280d5aa5abab074","0","before greenTicket"
"5cde56a815e33c215322101ce24826371a093310eaa9a3230280d5aa5abab074","1","after greenTicket"
"5cde56a815e33c215322101ce24826371a093310eaa9a3230280d5aa5abab074","2","greenTicket"
"5cde56a815e33c215322101ce24826371a093310eaa9a3230280d5aa5abab074","3","a EQUALS b AND b EQUALS c"
"5cde56a815e33c215322101ce24826371a093310eaa9a3230280d5aa5abab074","4","a EQUALS b OR b EQUALS c"
"5cde56a815e33c215322101ce24826371a093310eaa9a3230280d5aa5abab074","5","returns 0"
"5cde56a815e33c215322101ce24826371a093310eaa9a3230280d5aa5abab074","6","returns 10"
"5cde56a815e33c215322101ce24826371a093310eaa9a3230280d5aa5abab074","7","returns 20"
"a84fa4113400e59335c2344ea07e85ac8bf6869b912e7f66b43446aa7a0146a6","0","before greenTicket"
"a84fa4113400e59335c2344ea07e85ac8bf6869b912e7f66b43446aa7a0146a6","1","after greenTicket"
"a84fa4113400e59335c2344ea07e85ac8bf6869b912e7f66b43446aa7a0146a6","2","greenTicket"
"a84fa4113400e59335c2344ea07e85ac8bf6869b912e7f66b43446aa7a0146a6","3","a EQUALS b AND b EQUALS c"
"a84fa4113400e59335c2344ea07e85ac8bf6869b912e7f66b43446aa7a0146a6","4","a EQUALS b OR b EQUALS c OR a EQUALS c"
"a84fa4113400e59335c2344ea07e85ac8bf6869b912e7f66b43446aa7a0146a6","5","returns 0"
"a84fa4113400e59335c2344ea07e85ac8bf6869b912e7f66b43446aa7a0146a6","6","returns 10"
"a84fa4113400e59335c2344ea07e85ac8bf6869b912e7f66b43446aa7a0146a6","7","returns 20"
"ef4718a3aa1456cf66b08ca8dc4047c3fcee11417f387a18315d34ea0bb985f0","0","before answerCell"
"ef4718a3aa1456cf66b08ca8dc4047c3fcee11417f387a18315d34ea0bb985f0","1","after answerCell"
"ef4718a3aa1456cf66b08ca8dc4047c3fcee11417f387a18315d34ea0bb985f0","2","answerCell"
"ef4718a3aa1456cf66b08ca8dc4047c3fcee11417f387a18315d34ea0bb985f0","3","isAsleep"
"ef4718a3aa1456cf66b08ca8dc4047c3fcee11417f387a18315d34ea0bb985f0","4","isMorning AND ran LOGICAL_COMPLEMENT on isMom"
"ef4718a3aa1456cf66b08ca8dc4047c3fcee11417f387a18315d34ea0bb985f0","5","returns true"
"ef4718a3aa1456cf66b08ca8dc4047c3fcee11417f387a18315d34ea0bb985f0","6","returns false"
"ef4718a3aa1456cf66b08ca8dc4047c3fcee11417f387a18315d34ea0bb985f0","7","returns false"
"184d153e7ce120bf4aad4c5f42cb51227a892df9aefc57abc1c108621ca32f7a","0","before love6"
"184d153e7ce120bf4aad4c5f42cb51227a892df9aefc57abc1c108621ca32f7a","1","after love6"
"184d153e7ce120bf4aad4c5f42cb51227a892df9aefc57abc1c108621ca32f7a","2","love6"
"184d153e7ce120bf4aad4c5f42cb51227a892df9aefc57abc1c108621ca32f7a","3","a EQUALS 6 OR b EQUALS 6 OR call abs on Math EQUALS 6 OR call abs on Math EQUALS 6"
"184d153e7ce120bf4aad4c5f42cb51227a892df9aefc57abc1c108621ca32f7a","4","returns false"
"184d153e7ce120bf4aad4c5f42cb51227a892df9aefc57abc1c108621ca32f7a","5","returns true"
"6c8467b74cc346241dd3d808066433d9df72f23f05b3c1b1a276cb57f7cb28a7","0","before love6"
"6c8467b74cc346241dd3d808066433d9df72f23f05b3c1b1a276cb57f7cb28a7","1","after love6"
"6c8467b74cc346241dd3d808066433d9df72f23f05b3c1b1a276cb57f7cb28a7","2","love6"
"6c8467b74cc346241dd3d808066433d9df72f23f05b3c1b1a276cb57f7cb28a7","3","a EQUALS 6 OR b EQUALS 6 OR call abs on Math EQUALS 6 OR call abs on Math EQUALS 6"
"6c8467b74cc346241dd3d808066433d9df72f23f05b3c1b1a276cb57f7cb28a7","4","returns false"
"6c8467b74cc346241dd3d808066433d9df72f23f05b3c1b1a276cb57f7cb28a7","5","returns true"
"de8a773062c8ad988d1c8bc5f01e6ec8dce96e68436a78b5889fd38bbe129c5d","0","before love6"
"de8a773062c8ad988d1c8bc5f01e6ec8dce96e68436a78b5889fd38bbe129c5d","1","after love6"
"de8a773062c8ad988d1c8bc5f01e6ec8dce96e68436a78b5889fd38bbe129c5d","2","love6"
"de8a773062c8ad988d1c8bc5f01e6ec8dce96e68436a78b5889fd38bbe129c5d","3","a EQUALS 6 OR b EQUALS 6 OR a PLUS b EQUALS 6 OR call abs on Math EQUALS 6"
"de8a773062c8ad988d1c8bc5f01e6ec8dce96e68436a78b5889fd38bbe129c5d","4","returns false"
"de8a773062c8ad988d1c8bc5f01e6ec8dce96e68436a78b5889fd38bbe129c5d","5","returns true"
"c66034362faa6c34f0efaca9d542e5c8d3e132c95215fce828ab5e6057d5f5ca","0","before sortaSum"
"c66034362faa6c34f0efaca9d542e5c8d3e132c95215fce828ab5e6057d5f5ca","1","after sortaSum"
"c66034362faa6c34f0efaca9d542e5c8d3e132c95215fce828ab5e6057d5f5ca","2","sortaSum"
"c66034362faa6c34f0efaca9d542e5c8d3e132c95215fce828ab5e6057d5f5ca","3","a LESS_EQUALS 19 OR a GREATER_EQUALS 10 OR b LESS_EQUALS 19 OR b GREATER_EQUALS 10"
"c66034362faa6c34f0efaca9d542e5c8d3e132c95215fce828ab5e6057d5f5ca","4","returns a PLUS b"
"c66034362faa6c34f0efaca9d542e5c8d3e132c95215fce828ab5e6057d5f5ca","5","returns 20"
"810d98245991baeb4e189426e55360cb0566c668529d2e6a602f0653e7467798","0","before sortaSum"
"810d98245991baeb4e189426e55360cb0566c668529d2e6a602f0653e7467798","1","after sortaSum"
"810d98245991baeb4e189426e55360cb0566c668529d2e6a602f0653e7467798","2","sortaSum"
"810d98245991baeb4e189426e55360cb0566c668529d2e6a602f0653e7467798","3","a PLUS b LESS_EQUALS 19 OR a PLUS b GREATER_EQUALS 10"
"810d98245991baeb4e189426e55360cb0566c668529d2e6a602f0653e7467798","4","returns a PLUS b"
"810d98245991baeb4e189426e55360cb0566c668529d2e6a602f0653e7467798","5","returns 20"
"bf89037d23ead94bce1e7ef0e82efeb65f986567deb46137afbc7a597e31d98f","0","before sortaSum"
"bf89037d23ead94bce1e7ef0e82efeb65f986567deb46137afbc7a597e31d98f","1","after sortaSum"
"bf89037d23ead94bce1e7ef0e82efeb65f986567deb46137afbc7a597e31d98f","2","sortaSum"
"bf89037d23ead94bce1e7ef0e82efeb65f986567deb46137afbc7a597e31d98f","3","a PLUS b LESS_EQUALS 19 AND a PLUS b GREATER_EQUALS 10"
"bf89037d23ead94bce1e7ef0e82efeb65f986567deb46137afbc7a597e31d98f","4","returns a PLUS b"
"bf89037d23ead94bce1e7ef0e82efeb65f986567deb46137afbc7a597e31d98f","5","returns 20"
"9643c66e51dc0d4539613a8c11ab08e17d6bfd5c1a0560e8aa46ab9a46b16fbe","0","before in1To10"
"9643c66e51dc0d4539613a8c11ab08e17d6bfd5c1a0560e8aa46ab9a46b16fbe","1","after in1To10"
"9643c66e51dc0d4539613a8c11ab08e17d6bfd5c1a0560e8aa46ab9a46b16fbe","2","in1To10"
"9643c66e51dc0d4539613a8c11ab08e17d6bfd5c1a0560e8aa46ab9a46b16fbe","3","outsideMode"
"9643c66e51dc0d4539613a8c11ab08e17d6bfd5c1a0560e8aa46ab9a46b16fbe","4","n GREATER_EQUALS 1 AND n LESS_EQUALS 10"
"9643c66e51dc0d4539613a8c11ab08e17d6bfd5c1a0560e8aa46ab9a46b16fbe","5","returns false"
"9643c66e51dc0d4539613a8c11ab08e17d6bfd5c1a0560e8aa46ab9a46b16fbe","6","returns true"
"9643c66e51dc0d4539613a8c11ab08e17d6bfd5c1a0560e8aa46ab9a46b16fbe","7","n LESS_EQUALS 1 OR n GREATER_EQUALS 10"
"9643c66e51dc0d4539613a8c11ab08e17d6bfd5c1a0560e8aa46ab9a46b16fbe","8","returns false"
"9643c66e51dc0d4539613a8c11ab08e17d6bfd5c1a0560e8aa46ab9a46b16fbe","9","returns true"
"3262aebb3c8fdd999930abd9431f3d810200584ec02963a91ceea7a01bafe97a","0","before squirrelPlay"
"3262aebb3c8fdd999930abd9431f3d810200584ec02963a91ceea7a01bafe97a","1","after squirrelPlay"
"3262aebb3c8fdd999930abd9431f3d810200584ec02963a91ceea7a01bafe97a","2","squirrelPlay"
"3262aebb3c8fdd999930abd9431f3d810200584ec02963a91ceea7a01bafe97a","3","declared variable(s) mod = 0"
"3262aebb3c8fdd999930abd9431f3d810200584ec02963a91ceea7a01bafe97a","4","isSummer"
"3262aebb3c8fdd999930abd9431f3d810200584ec02963a91ceea7a01bafe97a","5","assign to mod using ASSIGN operator with 10"
"3262aebb3c8fdd999930abd9431f3d810200584ec02963a91ceea7a01bafe97a","6","temp GREATER_EQUALS 60 AND temp LESS_EQUALS 90 PLUS mod"
"3262aebb3c8fdd999930abd9431f3d810200584ec02963a91ceea7a01bafe97a","7","returns false"
"3262aebb3c8fdd999930abd9431f3d810200584ec02963a91ceea7a01bafe97a","8","returns true"
